Name,antibacterial ,antifungal,other function,target,class ,species,target types,BGC_id,
#arginomycin,yes,yes,,,other,streptomyces,gram pos,,
#bongkrekic acid,,yes,cytotoxic (to eukaryotes),adenine nucleotide translocase,pk,burkholderia,,,
#cerein,yes,,,,ripp,,gram pos,,
#clycloheximide,no,yes,,ribosome (eukaryotic only),polyketide,streptomyces,,,
#coelimycin,,,unknown (might have antibiotic activity),,polyketide,streptomyces,,,
#enterocin,yes,,,,pk,streptomyces,gram pos,,
#enterocin_a,yes,,,,ripp,enterococcus,gram pos,,
#From ripp miner:,,,,,,,,,
#gryncamycin,,,cytotoxic,,pk saccharide,streptomyces,,,
#mehtylpendolmycin,,,unknown,,nrp,marinactinospora,?,,
#phosphinothricin,yes,yes,herbicidal,glutamine synthetase,nrp,streptomyces,,,
#saquayamycin,yes,,cytotoxic; antitumor,,pk saccharide,micromonospora,gram pos,,
#sioxanthin,,,antioxidant; unknown,,terpene,salinospora,,,
#staph_aureus_carotenoid,,,pigment,,terpene,,,,
#streptococcin_a_m49,yes,,,,ripp,streptococcus,gram pos,,
#trunkamide,,,cytotoxic,,ripp,prochloron,,,
2_4_diacetylphloroglucinol,yes,yes,protects plants,,pk,,gram pos,BGC0000281,
2_amino_4_methoxy_trans_3_butenoic_acid,yes,,cytotoxic,,nrp,,?,BGC0000287,
2_deoxystreptamine,,,unknown; actually tobramycin?,,saccharide,micromonospora,,BGC0000689,
2_methylisoborneol,,?,taste; odor,,terpene,pseudanabaena,,BGC0000657,
2_methylisoborneol_2,,,taste; odor,,terpene,streptomyces,,BGC0000658,
2_methylisoborneol_3,,,taste; odor,,terpene,saccharopolyspora,,BGC0000659,
3_methylarginine,yes,,,,other,pseudomonas,gram neg; pseudomonas,BGC0000884,
4_Z_annamycin,,,unknown,,pk,streptomyces,,BGC0001298,
4-hydroxy-3-nitrospbenzamide,,,unknown,,other,streptomyces,,BGC0000885,
5_hydroxystreptomycin,,,unknown,,saccharide,streptomyces,,BGC0000690,
7_prenylisatin,yes,,,,other,streptomyces,bacillus; gram pos,BGC0001294,
9methylstreptimidone,,yes,antitumor,,polyketide,streptomyces,,BGC0000171,
A_102395,,,,translocase,other,amycolatopsis,,BGC0001191,
A_500359,yes,,,translocase,nrp,streptomyces,"?, mycobacterium",BGC0000949,
A_503083,yes,,,peptidogylcan synthesis,nrp,,?,BGC0000288,
A_74528,,,antiviral,2'-PDE,pk,,,BGC0000190,
A_90289,,,unknown,translocase,other,streptomyces,,BGC0000872,
A201A,yes,,,ribosome,nucleoside,,gram pos; anaerobic gram neg,BGC0001138,
A201A_2,yes,,,ribosome,other,saccharothrix,gram pos; anaerobic gram neg,BGC0000873,
A33853,,,anti-parasite,,other,streptomyces,,BGC0001292,
A40926,yes,,,lipid II,nrp saccharide,nonomuraea,gram pos; some gram neg; neisseria,BGC0000289,
A47934,yes,,,peptidogylcan precursor,nrp saccharide,streptomyces,gram pos,BGC0000290,
A54145,yes,,,,nrp,,gram pos,BGC0000291,
abyssomicin,yes,,,PaBb (pABA pathway),polyketide,verrucosispora,gram pos,BGC0000001,
acarbose,,,,glucosidase inhbitor,saccharide,actinoplanes,,BGC0000691,
acarviostatin,,,unknown,alpha amylase inhibitor,saccharide,streptomyces,,BGC0000804,
acidocin_b,yes,,,,ripp,,gram pos,BGC0000485,
acidocin_b_2,yes,,,,ripp,lactobacillus,gram pos; clostridium; lactobacillus,BGC0001222,
acinetobactin,,,siderophore,,nrp,,,BGC0000294,
aclacinomycin,,,antitumor; cytotoxic,,pk,,,BGC0000191,
aclacinomycin_2,,,antitumor; cytotoxic,,pk,,,BGC0000192,
aclacinomycin_3,,,antitumor; cytotoxic,,pk,,,BGC0000193,
actagardine,yes,,,,ripp,,gram pos,BGC0000495,
actinetoferrin,,,siderophore,,nrp,,,BGC0000295,
actinomycin,yes,yes,antitumor; cytotoxic,dna,nrp,,gram pos; gram neg,BGC0000296,
actinonin,yes,,,metalloprotinase; bacterial peptide deformylase,nrp,,gram pos; gram neg,BGC0001442,
actinorhodin,yes,,,,pk,streptomyces,gram pos,BGC0000189,
aculeximycin,yes,yes,antilarval,,pk,,gram pos; gram neg,BGC0000002,
aerobactin,,,siderophore,,other,grimontia,,BGC0000939,
aeruginosamide,,,cytotoxic,,ripp,microcystis,,BGC0000483,
aeruginoside,,,unknown,,nrp saccharide,planktothrix,,BGC0000297,
aeruginosin,,,protease inhibitor,,nrp,microcystis,,BGC0000298,
ajudazol,,yes,,,nrp pk,,,BGC0000954,
akaeolide,yes,,cytotoxic,,pk,streptomyces,?,BGC0001199,
alanylclavam,yes,yes,,,beta-lactam,,?,BGC0000841,
albachelin,,,siderophore,,nrp,amycolatopsis,,BGC0001211,
albaflavenone,,,unknown,,terpene,streptomyces,,BGC0000660,
albicidin,yes,yes,plant toxin,,nrp pk,xanthomonas,gram pos; gram neg,BGC0001088,
albonoursin,yes,,osmolyte,,other,streptomyces,gram pos,BGC0000851,
aldgamycin,yes,,,,pk,streptomyces,gram pos,BGC0001396,
alginate,,,immune stimulant; antioxidant; inhibits antibiotic diffusion,,saccharide,pseudomonas,,BGC0000725,
alginate_2,,,immune stimulant; antioxidant; inhibits antibiotic diffusion,,saccharide,pseudomonas,,BGC0000726,
alginate_3,,,immune stimulant; antioxidant; inhibits antibiotic diffusion,,saccharide,pseudomonas,,,
alkyl_o_dihydrogeranyl_methoxyhydroquinones,,,unknown,,pk,actinoplanes,,BGC0001077,
allylmalonyl_coa,,,unknown,,other,streptomyces,,BGC0000886,
alnumycin,yes,,antitumor,,pk,streptomyces,gram pos,BGC0000195,
alpha_galactosylceramide,,,nkt cell activation,,other,,,BGC0000948,
alterochromides,,,unknown,,nrp,,,BGC0000299,
althiomycin,yes,,,ribosome,nrp pk,,gram pos; gram neg,BGC0000955,
althiomycin_2,yes,,,,nrp,serratia,gram pos; gram neg,BGC0001415,
ambiguine,yes,yes,cytotoxic,,terpene,,gram pos; mycobacterium,BGC0001126,
ambruticin,,yes,,,pk,,,BGC0000014,
amfs,,,regulation; inhibits aerial mycelium formation; streptomycin synthesis,,ripp,,,BGC0000496,
amicetin,yes,,,rna polymerase ,saccharide,,gram pos; gram neg,BGC0000953,
amphotericin,,yes,,,pk,,,BGC0000015,
amychelin,,,siderophore,,nrp,,,BGC0000300,
amylocyclicin,yes,,,,ripp,,gram pos,BGC0000616,
anabaenopeptin,,,protease inhibitor,,nrp,anabaena,,BGC0000302,
anabaenopeptin_2,,,protease inhibitor,,nrp,,,BGC0000301,
anacyclamide,,,unknown,,ripp,anabaena,,BGC0000472,
anatoxin,,,neurotoxin,,pk alkaloid,oscillatoria,,BGC0000017,
andrimid,yes,,,acetyl-coa carboxylase,nrp pk,,gram pos; gram neg,BGC0000956,
anglomycin,yes,,,,pk,,?,BGC0000018,
anglomycin_2,yes,,,,pk,,?,BGC0000019,
ansamitocin,,,antitumor; cytotoxic,,pk,,,BGC0000020,
ansatrienin,,yes,antitumor,,nrp pk,streptomyces,,BGC0000957,
antalid,,,unknown,,nrp pk,polyangium,,BGC0001235,
anthracimycin,yes,,,,pk,streptomyces,gram pos,BGC0001300,
anthracimycin_2,yes,,,,pk,streptomyces,gram pos,BGC0001301,
anthramycin,yes,yes,antitumor; cytotoxic,,nrp,,,BGC0000303,
antimycin,,yes,cytotoxic,,nrp pk,,,BGC0000958,
APE_ec,,,antioxidant,,other,,,BGC0000836,
APE_vf,,,antioxidant,,other,,,BGC0000837,
apoptolidin,,,cytotoxic,,pk,,,BGC0000021,
apramycin,yes,,,ribosome,saccharide,streptoalloteichus,gram neg; gram pos,BGC0000692,
aranciamycin,yes,,cytotoxic (also to human cancer),collagenase; DNA synthesis,pk saccharide,streptomyces,gram pos,BGC0000197,
arenimycin,yes,,cytotoxic,,pk saccharide,salinispora,gram pos,BGC0000198,
aresnopolyketides,,,unknown,,other,,,BGC0001283,
argimycin,yes,,,,pk,,?,BGC0001433,
arimetamycin,?,?,antitumor,,pk saccharide,uncultured,,BGC0000198,
arixanthomycin,yes,not against yeast,antitumor; cytotoxic,,pk saccharide,uncultured,gram pos,BGC0000198,
arthrofactin,,,surfactant,,nrp,pseudomonas,,BGC0000305,
arylomycin,yes,,,signal peptides,nrp,streptomyces,gram pos; gram neg,BGC0000306,
astaxanthin,,,antioxidant; pigment; immune modulator,,terpene,paracoccus,,BGC0000630,
astaxanthin_dideoxyglycoside,,,antioxidant; unknown,,terpene,sphingomonas,,BGC0001086,
astexin_1,yes,,,,ripp,asticcacaulis,gram neg,BGC0000570,
asukamycin,yes,yes,cytotoxic,,pk,streptomyces,gram pos,BGC0000187,
AT2433,yes,,antitumor; cytotoxic,,alkaloid,actinomadura,gram pos,BGC0000809,
athraquinone,yes,yes,cytotoxic,,pk,photorhabdus,gram pos,BGC0000195,
aurachin,yes,yes,,cytochromes,pk,stigmatella,gram pos,BGC0001343,
aurachin_re,yes,,,,pk,rhodococcus,gram pos,BGC0001075,
aurafuron,,yes,cytotoxic,cholesterol biosynthesis,polyketide,stimatella,,BGC0000023,
aureothin,yes,yes,cytotoxic,,polyketide,streptomyces,gram pos; gram neg,BGC0000024,
aureusimine,not observed,,virulence,,nrp,,,BGC0000308,
auricin,yes,,,,pk saccharide,streptomyces,gram pos,BGC0000201,
auricin_deoxysugar_moieties,,,unknown,,saccharide,streptomyces,,BGC0000727,
avermectin,,,cytotoxic; insecticide; anti-parasite,DNA,pk,,,BGC0000025,
avilamycin,yes,,,ribosome,saccharide,streptomyces,gram pos,BGC0000026,
AWQC131C,,,toxin,voltage gated sodium channel,alkaloid,,,BGC0000887,
azicemicin,yes,,,,pk,,gram neg; some gram pos,BGC0000202,
azinomycin_b,yes,,antitumor,,nrp pk,streptomyces,?,BGC0000960,
bacillaene,yes,,,,other,,gram pos; gram neg,BGC0001089,
bacillibactin,,,siderophore,iron,nrp,,,BGC0001185,
bacillibactin_2,,,siderophore,iron,nrp,,,BGC0000309,
bacillomycin,,yes,,,nrp,,,BGC0001090,
bacilysin,yes,yes,,,other,,gram neg; gram pos,BGC0001184,
bacilysin_2,yes,yes,,,other,bacillus,gram pos; gram neg,BGC0000888,
bacitracin,yes,,,,nrp,,gram pos,BGC0000310,
bactobolin,yes,yes,antitumor; cytotoxic,,nrp pk,burkholderia,gram pos; gram neg,BGC0000961,
bafilomycin,yes,yes,cytotoxic,,polyketide,streptomyces,gram pos,BGC0000028,
bagremycin,yes,yes,,,other,streptomyces,gram pos; gram neg,BGC0000889,
balhimycin,yes,,,,nrp,,gram pos,BGC0000889,
bananamide,,,unknown,,nrp,,,BGC0001346,
barbamide,,,cytotoxic,,nrp pk,,,BGC0000962,
basiliskamides,,yes,,,pk,,,BGC0000172,
BD_12,yes,yes,,,nrp,streptomyces,gram pos; gram neg,BGC0001379,
BE_43547A1,,,cytotoxic,,nrp pk,,,BGC0001330,
BE_43547A1_2,,,cytotoxic,,nrp pk,,,BGC0001331,
BE_54017,,,cytotoxic,,alkaloid,,,BGC0001333,
BE_7585A,,,unknown,,pk,,,BGC0000203,
belactosin,,,cytotoxic?,proteasome inhibitor,other,,,BGC0001441,
benastatin,yes,,some derivatives cytotoxic,glutathione s-transferase,pk,streptomyces,gram pos,BGC0000204,
BhtA1_BhtA2,,,unknown,,ripp,,,BGC0000497,
bicereucin,yes,,,,ripp,bacillus,gram pos,BGC0001407,
blasticidin,yes,yes,,ribosome,other,streptomyces,gram pos; gram neg,BGC0000874,
bleomycin,,,cytotoxic,DNA,nrp pk,,,BGC0000963,
borregomycin,,,cytotoxic,,alkaloid,,,BGC0001335,
borrelidin,yes,,cytotoxic,Thr tRNA synthetase,polyketide,streptomyces,gram neg,BGC0000031,
bottromycin,yes,,,ribosome,ripp,streptomyces,gram pos,BGC0000468,
bottromycin_a2,yes,,,ribosome,ripp,,gram pos,BGC0001157,
bottromycin_a2_2,yes,,,ribosome,ripp,streptomyces,gram pos,BGC0000469,
bottromycin_d,yes,,,,ripp,,gram pos,BGC0000470,
bovicin_hj50,yes,,signaling,,ripp,,gram pos,BGC0000498,
brabantamide,,yes,,,nrp saccharide,,,BGC0001149,
brasilicardin_a,,yes,antitumor;immune suppresor; cytotoxic,,terpene,nocardia,,BGC0000632,
brasilinolide,,yes,immunosuprresive,,pk,agrobacterium,,BGC0001381,
bromoalterochromides,yes,,cytotoxic,,nrp pk,pseudomonas,?,BGC0000314,
bromophenols_1,yes,,cytotoxic,myosin atpase; ispD,other,,gram pos,BGC0000890,
bromophenols_2,yes,,cytotoxic,myosin atpase; ispD,other,,gram pos,BGC0000891,
bryostatin,,,antitumor; neurological,protein kinase C,pk,,,BGC0000205,
bryostatin_2,,,antitumor; neurological,protein kinase C,pk,candidatus,,,
burhizin,,,unknown,,ripp,burkholderia,,BGC0000571,
burkholdac,,,cytotoxic,histone deacetylase,nrp pk,,,BGC0000964,
burkholderic_acid,?,,cytotoxic; siderophore,,nrp pk,,,BGC0001120,
butirosin,yes,,,,saccharide,bacillus,gram neg; gram pos,BGC0000693,
butirosin_2,yes,,,,saccharide,bacillus,gram neg; gram pos,BGC0000694,
butyrivbriocin_or79,yes,,,,ripp,,?,BGC0000499,
butyrivibriocin_ar10,,,unknown,,ripp,,,BGC0000486,
C_1027,yes,,cytotoxic,DNA,pk,,gram pos,BGC0000965,
cacibiocin,no,,,,other,,,BGC0001154,
caerulomycin_a,yes,yes,,,nrp pk,actinoalloteichus,gram pos,BGC0000966,
cahuitamycin,yes,,biofilm inhibitor,,nrp,streptomyces,?,BGC0001351,
calcimycin,yes,yes,ionophore,calcium,pk,,gram pos,BGC0000032,
calcium_dependent_antibiotic,yes,,,,nrp,,gram pos,BGC0000315,
calicheamicin,yes,yes,cytotoxic; antitumor,,pk,,gram pos; gram neg,BGC0000033,
calyculin,,,cytotoxic,,nrp pk,,,BGC0000967,
candicidin,,yes,,,pk,,,BGC0000034,
canthaxanthin_bradyrhizobium,,,pigment,,terpene,,,,
capistruin,yes,,,rna polymerase ,ripp,burkholderia,gram neg,BGC0000572,
caprazamycin,yes,,,,other,,gram pos; mycobacterium,BGC0000875,
capreomycin,yes,,,,nrp,,gram pos; gram neg; mycobacterium,BGC0000316,
capsular_polysaccharide,,,capsule,,saccharide,klebsiella,,BGC0000728,
capsular_polysaccharide_10,,,capsule,,saccharide,pasteurella,,BGC0000737,
capsular_polysaccharide_11,,,capsule,,saccharide,pasteurella,,BGC0000738,
capsular_polysaccharide_12,,,capsule,,saccharide,pasteurella,,BGC0000739,
capsular_polysaccharide_13,,,capsule,,saccharide,streptococcus,,BGC0000740,
capsular_polysaccharide_14,,,capsule,,saccharide,streptococcus,,BGC0000741,
capsular_polysaccharide_15,,,capsule,,saccharide,streptococcus,,BGC0000742,
capsular_polysaccharide_16,,,capsule,,saccharide,streptococcus,,BGC0000743,
capsular_polysaccharide_17,,,capsule,,saccharide,streptococcus,,BGC0000744,
capsular_polysaccharide_18,,,capsule,,saccharide,streptococcus,,BGC0000745,
capsular_polysaccharide_19,,,capsule,,saccharide,streptococcus,,BGC0000746,
capsular_polysaccharide_2,,,capsule,,saccharide,klebsiella,,BGC0000729,
capsular_polysaccharide_20,,,capsule,,saccharide,streptococcus,,BGC0000747,
capsular_polysaccharide_21,,,capsule,,saccharide,streptococcus,,BGC0000748,
capsular_polysaccharide_22,,,capsule,,saccharide,escherichia,,BGC0000749,
capsular_polysaccharide_23,,,capsule,,saccharide,actinobacillus,,BGC0000750,
capsular_polysaccharide_24,,,capsule,,saccharide,actinobacillus,,BGC0000751,
capsular_polysaccharide_25,,,capsule,,saccharide,actinobacillus,,BGC0000752,
capsular_polysaccharide_26,,,capsule,,saccharide,actinobacillus,,BGC0000753,
capsular_polysaccharide_27,,,capsule,,saccharide,avibacterium,,BGC0000754,
capsular_polysaccharide_28,,,capsule,,saccharide,avibacterium,,BGC0000755,
capsular_polysaccharide_29,,,capsule,,saccharide,avibacterium,,BGC0000756,
capsular_polysaccharide_3,,,capsule,,saccharide,klebsiella,,BGC0000730,
capsular_polysaccharide_30,,,capsule,,saccharide,avibacterium,,BGC0000757,
capsular_polysaccharide_4,,,capsule,,saccharide,klebsiella,,BGC0000731,
capsular_polysaccharide_5,,,capsule,,saccharide,raoultella,,BGC0000732,
capsular_polysaccharide_6,,,capsule,,saccharide,klebsiella,,BGC0000733,
capsular_polysaccharide_7,,,capsule,,saccharide,pasteurella,,BGC0000734,
capsular_polysaccharide_8,,,capsule,,saccharide,pasteurella,,BGC0000735,
capsular_polysaccharide_9,,,capsule,,saccharide,mannheimia,,BGC0000736,
carbamidocyclophane,yes,,cytotoxic,,pk,nostoc,gram pos,BGC0001357,
carbapenem_mm_4550,,,unknown,,other,streptomyces,,BGC0000842,
carnocyclin,yes,,,,ripp,,gram pos,BGC0000487,
carnolysin_a1_a2,yes,,,,ripp,,gram pos,BGC0000500,
carotenoid,,,antioxidant,,terpene,uncultured,,BGC0000646,
carotenoid_10,,,antioixidant,,terpene,enterobacteriaceae,,BGC0000641,
carotenoid_11,,,antioixidant,,terpene,enterobacteriaceae,,BGC0000642,
carotenoid_12,,,antioxidant,,terpene,brevundimonas,,BGC0000643,
carotenoid_13,,,antioxidant,,terpene,dietzia,,BGC0000644,
carotenoid_14,,,antioxidant,,terpene,halobacillus,,BGC0000645,
carotenoid_15,,,antioxidant,,terpene,myxococcus,,BGC0000648,
carotenoid_16,,,antioxidant,,terpene,streptomyces,,BGC0000649,
carotenoid_17,,,antioxidant,,terpene,algoriphagus,,BGC0000650,
carotenoid_2,,,unknown,,terpene,streptomyces,,BGC0000633,
carotenoid_3,,,antioxidant,,terpene,brevundimonas,,BGC0000634,
carotenoid_4,,,antioxidant,,terpene,paracoccus,,BGC0000635,
carotenoid_5,,,light harvesting pigment,,terpene,brevibacterium,,BGC0000636,
carotenoid_6,,,antioxidant,,terpene,corynebacterium,,BGC0000637,
carotenoid_7,,,antioixidant,,terpene,pantoea,,BGC0000638,
carotenoid_8,,,antioixidant,,terpene,enterobacteriaceae,,BGC0000639,
carotenoid_9,,,antioixidant,,terpene,enterobacteriaceae,,BGC0000640,
caryoynencin,yes,yes,,,other,,?,BGC0000892,
catenulipeptin,,,unknown,,ripp,catenulispora,,BGC0000501,
caulonodin,,,unknown,,ripp,caulobacter,,BGC0000573,
caulosegnin,,,unknown,,ripp,caulobacter,,BGC0000574,
celesticetin,yes,,,,nrp,streptomyces,gram pos,BGC0001225,
cellulose,,,cell wall,,saccharide,pseudomonas,,,
cepacian,,,biofilm formation,,saccharide,,,BGC0000808,
cephamycin,yes,,,penicillin binding protien; transpeptidase; carboxypeptidase,nrp,,gram pos; gram neg,BGC0000319,
cerecidin,yes,,,,ripp,,gram pos,BGC0000502,
cereulide,,,cytotoxic,membrane,nrp,bacillus,,BGC0000320,
cervnimycin,yes,,,,pk saccharide,,gram pos;?,BGC0001439,
cetoniacytone,,,cytotoxic; antitumor,,other,,,BGC0000283,
chalcomycin,yes,,,,pk,,gram pos,BGC0000035,
chartreusin,yes,?,antitumor,topoisomerase,pk,streptomyces,gram pos,BGC0000206,
chartreusin_2,yes,?,antitumor,topoisomerase,pk,,gram pos,BGC0000207,
chaxamycin,yes,,antitumor,,pk,streptomyces,gram pos; gram neg,BGC0001287,
chaxapeptin,,,antitumor; unknown,,ripp,,,BGC0001307,
chelocardin,yes,,,,pk,,gram pos; gram neg,BGC0000208,
chivosazol,,yes,cytotoxic,actin,nrp pk,,,BGC0001069,
chloramphenicol,yes,,,ribosome,nrp,,gram pos; gram neg,BGC0000893,
chlorizidine_a,,,cytotoxic,,nrp,,,BGC0001172,
chloroeremomycin,yes,,,,nrp,,gram pos,BGC0000322,
chlorothricin,yes,,,pyruvate biosyn,pk saccharide,streptomyces,gram pos,BGC0000036,
chlorotonil,yes,yes,anti-parasite,,pk,sorangium,?,BGC0001299,
chondramide,,,cytotoxic,actin,nrp pk,,,BGC0000969,
chondrochloren,yes,yes,,,nrp pk,,?,BGC0000970,
chortetracycline,yes,,,,pk,,gram pos; gram neg,BGC0000209,
chromomycin,yes,yes,cytotoxic; antitumor,DNA,pk saccharide,streptomyces,gram pos; mycobacteria,BGC0000210,
chrysomycin,yes,,antiviral (bacterial); antitumor,,pk,,gram pos,BGC0000211,
cichofactin,yes,yes,surfactant,,nrp,pseudomonas,?,BGC0000323,
cichopeptin,,,phytotoxic,,nrp,pseudomonas,,BGC0001389,
cinerubin,yes,,cytotoxic,DNA,pk saccharide,streptomyces,gram pos,BGC0000212,
cinnabaramide,,yes,cytotoxic,proteasome,nrp pk,,,BGC0000971,
cinnamycin,yes,,,cell wall,ripp,streptomyces,gram pos,BGC0000503,
cinnamycin_b,yes,,,,ripp,actinomadura,gram pos,BGC0001364,
circularin,yes,,,membrane,ripp,clostridium,?,BGC0000488,
citrulline,,,arginine metabolism pathway?,,other,lactobacillus,,BGC0000895,
cladoniamide,,,cytotoxic,,alkaloid,,,BGC0001334,
clarexpoxcin,,,unknown,proteasome,nrp pk,,,BGC0001203,
clavams,,yes,,,beta-lactam,,,BGC0000843,
clavams,,yes,,methionine synthesis,beta-lactam,,,BGC0000843,
clavulanic_acid,yes,,,beta lactamase inhibitor,beta-lactam,,gram pos; gram neg,BGC0000845,
clavulanic_acid_2,,,beta-lactamase inhibitor,beta-lactamase,other,streptomyces,,BGC0000844,
clorobiocin,yes,,,DNA gyrase,saccharide,,gram pos,BGC0000832,
clostridiolysin,,,toxin,hemoglobin,ripp,,,BGC0000564,
clostridiolysin_s,,,cytotoxic,,ripp,,,BGC0001170,
coagulin,yes,,,,ripp,bacillus,gram pos; bacillus; listeria; pediococcus; enterococcus,BGC0000617,
coelibactin,,,ionophore,,nrp,,,BGC0000324,
coelichelin,,,siderophore,,nrp,,,BGC0000325,
colabomycin,yes,,,caspase I,pk,streptomyces,gram pos,BGC0000213,
colanic_acid,,,extracellular,,saccharide,escherichia,,BGC0000799,
colibactin,yes,,cytotoxic; genotoxic,DNA,nrp pk,,?,BGC0000972,
colicin_v,yes,,,,ripp,escherichia,gram neg,BGC0000584,
colistin,yes,,,,nrp,paenibacillus,gram neg,BGC0001192,
collismycin,yes,yes,iron chelator,,nrp pk,,,BGC0000973,"before had both gram, cant find now"
complestatin,yes,,anti-HIV,,nrp,,gram pos,BGC0000326,
concanamycin_a,,,cytotoxic,vacuolar type H+-ATPase,pk,,,BGC0000040,
congocidine,yes,,,,nrp,,gram pos; gram neg,BGC0000327,
corallopyronin,yes,,,,nrp pk,corallococcus,gram pos,BGC0001091,
coronatine,,,phytotoxic; virulence,,nrp,,,BGC0000328,
corpeptin,yes,,surfactant; phytotoxic,,nrp,,gram pos,BGC0000329,
corynazolicin,,,unknown; antibiotic in MiBig,,ripp,,?,BGC0001174,
cosmomycin,,,antitumor; cytotoxic,,pk,,,BGC0000214,
cosmomycin_d,yes,,antitumor; cytotoxic,,nrp pk,streptomyces,gram pos,BGC0001074,
coumermycin,yes,,,DNA gyrase,saccharide,,gram pos; gram neg,BGC0000833,
cremeomycin,yes,yes,antitumor,,other,streptomyces,gram neg; gram pos,BGC0001295,
cremimycin,yes,,,,pk,,gram pos,BGC0000042,
crocacin,,yes,cytotoxic,electron transport,nrp pk,chondromyces,,BGC0000974,
cryptophycin,,yes,cytotoxic,,nrp,,,BGC0000975,
cupriachelin,,,siderophore; unknown,,nrp,ralstonia,?,BGC0000330,
curacin,,,cytotoxic,tubulin,nrp pk,,,BGC0000976,
curacin_2,,,cytotoxic,tublin,nrp pk,,,BGC0001165,
curacin_3,,,cytotoxic,tubulin,nrp pk,moorea,,,
curacin_a,,,cytotoxic,,pk,,,BGC0000043,
curamycin,yes,,,,pk,,gram pos,BGC0000215,
cyanopeptin,,,unknown,,nrp,,,BGC0000331,
cyclizidine,,,immune stimulation; cytotoxic,,pk,streptomyces,,BGC0001293,
cycloheximide,,yes,,ribosome,pk,,,BGC0000175,
cyclomarin,,,cytotoxic,,nrp,,,BGC0000333,
cyclooctatin,,,,lysophospholipase,terpene,,,BGC0000677,
cyclothiazomycin,,yes,,renin,ripp,,,BGC0000603,
cyclothiazomycin_B,yes,yes,,fungal cell wall; bacterial rna polymerase,ripp,,gram pos,BGC0001145,
cyclothiazomycin_C,yes,,,,ripp,,gram pos,BGC0001146,
cylindrocyclophane,,,cytotoxic,,pk,,,BGC0001064,
cylindrospermopsin,,,cytotoxic,,nrp pk,,,BGC0000978,
cylindrospermopsin_2,,,cytotoxic,,nrp pk,aphanizomenon,,BGC0000979,
cylindrospermopsin_3,,,cytotoxic,,nrp pk,aphanizomenon,,BGC0000980,
cylindrospermopsin_4,,,cytotoxic,,nrp pk,aphanizomenon,,BGC0000981,
cypemycin,yes,,cytotoxic,,ripp,,gram pos,BGC0000582,
cystargolide,,,cytotoxic?,proteasome inhibitor,other,,,BGC0001440,
cystobactamide,yes,,,topoisomerase,nrp,cystobacter,gram pos; gram neg,BGC0001413,
cystomanamides,,,unknown,,nrp,,,BGC0000335,
cystothiazole_a,,yes,cytotoxic; antitumor,,nrp pk,cystobacter,,BGC0000982,
cytolysin,yes,,cytotoxic,,ripp,,gram pos,BGC0000504,
d_cycloserine,yes,,,cell wall synthesis,other,streptomyces,tuberculosis; gram pos; gram neg,BGC0000896,
dactylocycline,yes,,,,pk,,gram pos,BGC0000216,
daptomycin,yes,,,,nrp,,gram pos,BGC0000336,
daunorubicin,,,antitumor; cytotoxic,,pk,,,BGC0000217,
dawenol,,,unknown,,polyketide,stigmatella,,BGC0000044,
dehydrophos,yes,,,,other,streptomyces,gram neg; gram pos,BGC0000897,
delftibactin,,,binds gold; unknown,,nrp pk,delftia,,BGC0000984,
delta_cadinene,,,unknown,,terpene,streptomyces,,BGC0000674,
desferrioxamine,,,siderophore,,other,,,BGC0000940,
desferrioxamine_2,,,siderophore,,other,,,BGC0000941,
desferrioxamine_b,,,siderophore,,other,streptomyces,,BGC0000941,
desosamine,yes,,,,saccharide,,?,BGC0000898,
desosamine_2,yes,,,,other,streptomyces,?,BGC0000899,
desotamide,yes,,,,nrp,streptomyces,gram pos,BGC0001196,
diaphorin,,,cytotoxic,,nrp pk,,,BGC0001092,
diazepinomicin,yes,,,,terpene,micromonospora,gram pos,BGC0000679,
didemnin,,,cytotoxic,,nrp pk,,,BGC0000985,
difficidin,yes,,,,pk,bacillus,gram pos; gram neg,BGC0000176,
dihyrdochalcomycin,,,unknown,,pk,,,BGC0000047,
disorazole,,,cytotoxic,microtubule formation,nrp pk,sorangium,,BGC0001093,
distamycin,yes,yes,cytotoxic,dna,nrp,,gram pos,BGC0001147,
diutan_polysaccharide,,,biofilm,,saccharide,sphingomonas,,BGC0000759,
divergolide,yes,,cytotoxic,,pk,,?,BGC0001119,
dkxanthene,,yes,pigment; development; antioxidant,,nrp pk,stigmatella,,BGC0000986,
doxorubicin,,,antitumor; cytotoxic,,pk,,,BGC0000218,
dutomycin,yes,,antitumor,,pk,streptomyces,gram pos,BGC0001409,
dynemicin,yes,,antitumor; cytotoxic,dna,nrp pk,micromonospora,gram pos,BGC0001060,
E_492_E_975,,,,electron transport,pk,,,BGC0000049,64ug/mL
E_837,,yes,,electron transport,pk,,,BGC0000050,64ug/mL
ebelactone,,yes,,esterase; homoserine acetyl transferase,pk,,?,BGC0000051,
echinomycin,yes,yes,antitumor; cytotoxic; antiviral,,nrp,,gram pos,BGC0000339,
echosides,,,antitumor; unknown,topoisomerase,nrp,,,BGC0000340,
ECO_2301,,yes,,,pk,,,BGC0000052,
ectoine,,,osmolyte,,other,sporosarcina,,BGC0000852,
ectoine_2,,,osmolyte,,other,streptomyces,,BGC0000853,
ectoine_3,,,osmolyte,,other,methylomicrobium,,BGC0000854,
ectoine_4,,,osmolyte,,other,methylomicrobium,,BGC0000855,
ectoine_5,,,osmolyte,,other,methylophaga,,BGC0000857,
ectoine_6,,,osmolyte,,other,methylophaga,,BGC0000856,
ectoine_7,,,osmolyte,,other,methylobacter,,BGC0000858,
ectoine_8,,,osmolyte,,other,methylomicrobium,,BGC0000859,
ectoine_9,,,osmolyte,,other,methylarcula,,BGC0000860,
eicosapentaenoic_acid,,,fatty acid,,other,shewanella,,BGC0000861,
eicosapentaenoic_acid_2,,,fatty acid,,other,shewanella,,BGC0000862,
eicosapentaenoic_acid_3,,,fatty acid,,other,pseudoalteromonas,,BGC0000863,
eicosapentaenoic_acid_4,,,fatty acid,,other,photobacterium,,BGC0000865,
eicosapentaenoic_acid_like_compound,,,fatty acid,,other,moritella,,BGC0000864,
elaiophylin,,enhances other,antitumor; cytotoxic,autophagy,pk,,,BGC0000053,
elansolid,yes,,cytotoxic,,pk,chitinophaga,gram pos,BGC0000178,
elloramycin,,,cytotoxic,DNA,pk,streptomyces,,BGC0000219,
emulsan,,,bioemulsifier,,saccharide,acinetobacter,,BGC0000760,
enacyloxin,yes,,,,nrp pk,burkholderia,gram pos; gram neg,BGC0001094,
endophenazine,yes,yes,,,other,,gram pos; gram neg,BGC0001080,
endophenazines,yes,yes,herbicide,,other,,gram pos; gram neg,BGC0000934,
enduracidin,yes,,,,nrp,,gram pos; mycobacterium; few gram neg,BGC0000341,
enterobactin,,,siderophore,,nrp,,,BGC0000343,
enterocin,yes,,,,pk,streptomyces,gram pos,BGC0000220,
enterocin_AS_48,yes,,,,ripp,,gram pos; gram neg,BGC0000489,
enterocin_nkr_5_3b,yes,,,,ripp,enterococcus,gram pos,BGC0001291,
entianin,yes,,signaling,,ripp,bacillus,gram pos,BGC0000506,
entolysin,,,swarming motility,,nrp,,,BGC0000344,
epicidin,yes,,,,ripp,,?,BGC0000507,
epilancin,yes,,pore formation,,ripp,staphylococcus,gram pos; ?,BGC0000509,
epilancin_k7,,,unknown,,ripp,,,BGC0000510,
eponemycin,,,cytotoxic,proteasome,nrp pk,,,BGC0000345,
epothilone,,,antitumor; cytotoxic,,nrp pk,sorangium,,BGC0000988,
epothilone_2,,,antitumor; cytotoxic,,nrp pk,sorangium,,BGC0000989,
epothilone_3,,,antitumor; cytotoxic,,nrp pk,sorangium,,BGC0000990,
epothilone_4,,,antitumor; cytotoxic,,nrp pk,sorangium,,BGC0000991,
epoxomicin,,,cytotoxic,proteasome,nrp pk,goodfellowiella,,BGC0000346,
equibactin,,,siderophore,,nrp,,,BGC0000347,
erdacin,,,antioxidant,,pk,,,BGC0000221,
erdasporine,,,cytotoxic,,alkaloid,,,BGC0001336,
eremophilene,,,odor; unknown,,terpene,sorangium,,BGC0001201,
ericin,yes,,signaling,,ripp,bacillus,gram pos; ?,BGC0000511,
erythreapeptin,,,unknown,,ripp,,,BGC0000513,
erythrochelin,yes,,siderophore,,nrp,,gram pos,BGC0000349,
erythromycin,yes,,,ribosome,pk saccharide,saccharopolyspora ,gram pos; some gram neg,BGC0000055,
erythromycin_2,yes,,,,pk,,gram pos; some gram neg,BGC0000054,
esmeraldin,,,pigment; unknown,,other,,,BGC0000935,
etnangien,yes,,,retroviral DNA polymerase,pk,sorangium,gram pos,BGC0000179,
exochelin,,,siderophore,,nrp,,,BGC0000351,
exopolysaccharide,,,bioemulsifier,,saccharide,methylobacillus,,BGC0000761,
exopolysaccharide_2,,,bioemulsifier,,saccharide,rhizobium,,BGC0000762,
exopolysaccharide_3,,,biofilm,,saccharide,lactococcus,,BGC0000764,
exopolysaccharide_4,,,biofilm,,saccharide,lactococcus,,BGC0000765,
exopolysaccharide_5,,,biofilm,,saccharide,lactococcus,,BGC0000766,
exopolysaccharide_6,,,biofilm,,saccharide,lactococcus,,BGC0000767,
FD_594,yes,,antitumor; cytotoxic,,pk,,gram pos,BGC0000222,
FD_891,,,antitumor; cytotoxic,,pk,,,BGC0000058,
feglymycin,yes,,anti-HIV,,nrp,streptomyces,gram pos,BGC0001233,
fengycin,,yes,,,nrp,,,BGC0001095,
filipin,,yes,,,pk,,,BGC0000059,
fimsbactin,,,siderophore,,nrp,acinetobacter,,BGC0000352,
FK228,,yes,cytotoxic,,nrp pk,,,BGC0000993,
FK506,,yes,immunosuppresor,,nrp,,,BGC0000353,
FK520,,yes,immunosuppresor; neurotrophic,,nrp pk,streptomyces,,BGC0000994,
flavecins,yes,,,,ripp,,gram pos,BGC0001311,
flaviolin,,,unknown,,other,saccharopolyspora,,BGC0000902,
flexirubin,,,unknown,,other,,,BGC0000839,
flexirubin_2,,,antioxidant; pigment,,pk,flavobacterium,,BGC0000838,
fluorometabolite,,,unknown,,other,streptomyces,,BGC0000903,
flustatin,,,unknown,,pk,uncultured,?,BGC0000223,
fortimicin,yes,,,,saccharide,micromonospora,gram neg; gram pos,BGC0000695,
fosfazinomycin,,yes,,,other,streptomyces,,BGC0000937,
fosfomycin,yes,,,MurA,other,,gram pos; gram neg,BGC0000938,
fostriecin,,,antitumor; cytotoxic,topoisomerase,pk,,,BGC0000060,
FR_008,,yes,,,pk,,,BGC0000061,
FR900098,yes,,antimalarial,,other,streptomyces,gram pos; gram neg,BGC0000904,
FR901464,,,antitumor; cytotoxic,spliceosome,nrp pk,pseudomonas,,BGC0000995,
FR901464_2,,,antitumor; cytotoxic,spliceosome,nrp pk,pseudomonas,,BGC0001096,
frankiamicin,yes,,,,pk,frankia,gram pos,BGC0001197,
fredericamycin,yes,yes,cytotoxic,,pk,streptomyces,gram pos,BGC0000224,
frenolicin,yes,yes,,,pk,,gram pos,BGC0000225,
friulimicin,yes,,,cell wall,nrp,,gram pos,BGC0000354,
frontalamide,,yes,,,nrp pk,,,BGC0000996,
furaquinocin_a,,,antitumor; cytotoxic,,pk,streptomyces,,BGC0001078,
fusaricidin,,yes,,,nrp,,,BGC0001152,
fusaricidin_2,,yes,,,nrp,,,BGC0000358,
fuscachelin,,,siderophore,,nrp,,,BGC0000359,
galactoglucan,,,cell wall,,saccharide,sinorhizobium,,BGC0000801,
galbonolides,,yes,,inositol phosphoceramide synthase,polyketide,streptomyces,,BGC0000065,
gallidermin,yes,,,,ripp,,gram pos,BGC0000514,
gamma_butyrolactone,,,signaling,,other,,,BGC0000849,
gamma_butyrolactone_2,,,autoregulation pathways,,other,streptomyces,,BGC0000850,
garvicin_ml,yes,,,,ripp,,gram pos,BGC0000490,
gassericin_a,yes,,,,ripp,,gram pos,BGC0000491,
gassericin_e,yes,,phytotoxic,,ripp,lactobacillus,gram pos,BGC0001388,
gassericin_t,yes,,,,ripp,lactobacillus,gram pos,BGC0000619,
GE2270,yes,,,EF-Tu,ripp,,gram pos,BGC0000604,
GE2270_2,yes,,,EF-Tu,ripp,,gram pos,BGC0001155,
GE37468,yes,,,EF-Tu,ripp,streptomyces,gram pos,BGC0000605,
GE81112,yes,,,protein synthesis,nrp,,gram pos; gram neg,BGC0000360,
geldanamycin,,yes,antitumor; cytotoxic,hsp90,pk,,,BGC0000066,
geldanamycin_2,,yes,antitumor; cytotoxic,hsp90,pk,,,BGC0000068,
geldanamycin_3,,yes,antitumor; cytotoxic,hsp90,pk,,,BGC0000067,
gellan_polysaccharide,,,biofilm,,saccharide,sphingomonas,,BGC0000768,
gentamicin,yes,,,,saccharide,micromonospora,gram neg; gram pos,BGC0000696,
gentamicin_2,yes,,,,saccharide,micromonospora,gram neg; gram pos,BGC0000697,
geobacillin,yes,,,lipid II,ripp,,gram pos,BGC0000515,
geobacillin_ii,yes,,,,ripp,,gram pos,BGC0000516,
geosmin,,,taste; odor,,terpene,nostoc,,BGC0000661,
gephyronic_acid,,yes,antitumor; cytotoxic,,pk,,,BGC0000069,
gg_exopolysaccharide,,,cell wall,,saccharide,lactobacillus,,BGC0000803,
glidobactin,,yes,cytotoxic; antitumor,,nrp pk,polyangium,,BGC0000997,
glivocarcin,yes,yes,antitumor; cytotoxic,,pk,,?,BGC0000226,
glycocin_f,yes,,,,ripp,,gram pos,BGC0000484,
glycopeptidolipid,,,membrane,,nrp,,,BGC0000362,
glycopeptidolipid_1,,,membrane,,nrp,,,BGC0000363,
glycopeptidolipid_2,,,membrane,,nrp,,,BGC0000364,
glycopeptidolipid_3,,,membrane,,nrp,,,BGC0000365,
glycopeptidolipid_4,,,membrane,,saccharide,mycobacterium,,BGC0000769,
goadsporin,yes,,morphogenesis,,ripp,streptomyces,gram pos,BGC0000565,
gobichelin,,,siderophore,,nrp,,,BGC0000366,
gramicidin,yes,,,,nrp,,gram pos; gram neg,BGC0000367,
granaticin,yes,,,,pk,streptomyces,gram pos,BGC0000227,
granaticin_2,yes,,,,pk,,?,BGC0000228,
grincamycin,,,cytotoxic,er,pk saccharide,,,BGC0000229,
griselimycin,yes,,,,nrp,streptomyces,gram pos; mycobacterium,BGC0001414,
grisemycin,,,no antimicrobial detected,,ripp,,,BGC0000583,
griseobactin,,,siderophore,,nrp,,,BGC0000368,
griseorhondin,?,,cytotoxic; human telomerase inhbitor,,pk,streptomyces,?,BGC0000230,
griseoviridin,yes,yes,,ribosome,nrp pk,streptomyces,gram pos,BGC0000459,
griseusin,,yes,cytotoxic; antitumor,,pk,,,BGC0000231,
grixazone,,,unknown,,terpene,streptomyces,,BGC0000662,
guadinomine,,,anti-infective,type iii secretion system,nrp pk,streptomyces,gram neg,BGC0000998,
haliamide,,,cytotoxic; antitumor,,nrp pk,haliangium,,BGC0001367,
haloduracin,yes,,,lipid II; pore formation,ripp,,gram pos,BGC0000517,
halstoctacosanolide,,,unknown,,pk,,,BGC0000073,
hassallidins,,yes,,,nrp saccharide,anabaena,,BGC0000369,
hatomarubigin,,,cytotoxic; antitumor,,pk,,,BGC0000232,
heat_stable_antifungal_factor,,yes,,sphingolipid synthesis,nrp pk,lysobacter,,BGC0000999,
hectochlorin,,yes,cytotoxic,,nrp pk,,,BGC0001000,
hedamycin,yes,,cytotoxic; antitumor,DNA,pk,,,BGC0000233,
heme_d1,,,denitrification,,other,heliobacillus,,BGC0000905,
heme_d1_2,,,denitrification,,other,heliophilum,,BGC0000906,
heptadecene,,,other,,pk,,,BGC0001161,
herbimycin,,,herbicide; antitumor; cytotoxic,,pk,,,BGC0000074,
herboxidiene,yes,,anticholesterol; phytotoxic; cytotoxic; antitumor,,pk,streptomyces,gram pos,BGC0001065,
heronamide,,,eukaryotic morphology change; unknown,,nrp pk,streptomyces,,BGC0001349,
heterobactin,,,siderophore,,nrp,,,BGC0000371,
heterocyst_glycolipids,,,protection against O2 penetration,,other,nostoc,,BGC0000869,
hexaricin,,,unknown,,pk,streptosporangium,,BGC0001376,
himastatin,yes,,antitumor; cytotoxic,,nrp,streptomyces,gram pos,BGC0001117,
hitachimycin,yes,yes,cytotoxic,,pk,streptomyces,gram pos,BGC0001194,
holomycin,yes,yes,antitumor; cytotoxic,rna synthesis,nrp,,gram pos; gram neg,BGC0000373,
hopene,,,unknown,,terpene,streptomyces,,BGC0000663,
hormaomycin,yes,,signaling,,nrp,streptomyces,gram pos,BGC0000374,
hydroxysporine,,yes,antitumor,,other,,,BGC0001223,
hygrocin,yes,yes,,,pk,,?,BGC0000075,
hygromycin_a,yes,,,,saccharide,streptomyces,gram neg; gram pos,BGC0000698,
hygromycin_b,yes,yes,,ribosome,saccharide,streptomyces,gram neg; gram pos,BGC0000699,
ikarugamycin,yes,yes,,,nrp pk,,gram pos,BGC0001435,
incednine,,,antitumor,,pk,,,BGC0000078,
indanomycin,yes,anti-insect,ionophore,,pk,,gram pos,BGC0000079,
indigoidine,yes,,,,nrp,,gram neg,BGC0000375,
indolmycin,yes,,,trp tRNA synthetase,other,streptomyces,gram pos; gram neg,BGC0001206,
informatipeptin,,,unknown,,ripp,,,BGC0000518,
isopropylstilbene,yes,yes,signaling,,other,,gram pos,BGC0001180,
isorenieratene,,,antioxidant,,terpene,streptomyces,,BGC0000664,
isorenieratene_2,,,antioxidant,,terpene,streptomyces,,BGC0001227,
istamycin,yes,,,,saccharide,streptomyces,gram neg; gram pos,BGC0000700,
iturin,,yes,,,nrp pk,bacillus,,BGC0001098,
jadomycin,yes,,,,pk,,gram pos,BGC0000234,
jagaricin,,yes,virulence,,nrp,janthinobacterium,,BGC0001127,
jawsamycin,,yes,,,nrp pk,streptomyces,,BGC0001002,
JBIR_100,yes,yes,,,pk,,gram pos,BGC0001348,
JBIR_34,not observed,,radical scavanging,,nrp,,,BGC0000376,
JBIR_76,,,cytotoxic,,pk,streptomyces,,BGC0001386,
jerangolid,,yes,,,pk,,,BGC0000080,
jinggangmycin,,yes,,,saccharide,streptomyces,,BGC0000701,
jmaicamide,,,toxin,sodium channel,nrp pk,,,BGC0001001,
k_252a,,,antitumor; unknown,protein kinase C,alkaloid,nonomuraea,,BGC0000813,
K_252a_2,,,antitumor; unknown,protein kinase C,alkaloid,nonomuraea,,BGC0000814,
kalimantacin,yes,,,FabI,nrp pk,,gram pos,BGC0001099,
kanamycin,yes,,,ribosome,saccharide,streptomyces,gram neg; gram pos,BGC0000702,
kanamycin_2,yes,,,ribosome,saccharide,streptomyces,gram neg; gram pos,BGC0000703,
kanamycin_3,yes,,,ribosome,saccharide,streptomyces,gram neg; gram pos,BGC0000704,
kanamycin_4,yes,,,ribosome,saccharide,streptomyces,gram neg; gram pos,BGC0000705,
kanamycin_5,yes,,,ribosome,saccharide,streptomyces,gram neg; gram pos,BGC0000706,
kasugamycin,yes,yes,,ribosome,saccharide,streptomyces,gram neg; gram pos,BGC0000707,
kedarcidin,yes,,cytotoxic,DNA,polyketide,streptoalloteichus,gram pos,BGC0000081,
kendomycin,yes,,cytotoxic,,pk,,gram pos; gram neg,BGC0001066,
kiamycin,,,cytotoxic; antitumor,,pk,,,BGC0000235,
kiamycin_2,,,cytotoxic; antitumor,,pk,,,BGC0000236,
kijanimicin,yes,,,,pk,,gram pos,BGC0000082,
kirromycin,yes,,,EF-Tu,nrp pk,,gram pos; gram neg,BGC0001070,
koranimine,,,unknown,,nrp,,,BGC0000377,
kosinostatin,yes,yes,antitumor,,nrp pk,micromonospora,gram pos; gram neg,BGC0001073,
KS_505a,,,unknown,,terpene,streptomyces,,BGC0000651,
kutznerides,,yes,,,nrp,,,BGC0000378,
labyrinthopeptin,,,anti-HIV; unknown,,ripp,,,BGC0000519,
lactazole,no,,,,ripp,streptomyces,,BGC0000606,
lacticin,yes,,,membrane,ripp,,gram pos; ?,BGC0000520,
lacticin_2,yes,,,membrane,ripp,,gram pos,BGC0000521,
lacticin_q,yes,,,membrane,ripp,lactococcus,gram pos,BGC0000620,
lacticin_z,yes,,,,ripp,,gram pos,BGC0000522,
lactimidomycin,,yes,cytotoxic,ribosome,polyketide,streptomyces,,BGC0000081,
lactimidomycin,,yes,cytotoxic,ribosome,pk,streptomyces,,BGC0000083,
lactocillin,yes,,,ribosome,ripp,,gram pos,BGC0000628,
lactocin_s,yes,,,,ripp,,gram pos,BGC0000523,
lactomycin,yes,,,,pk,,gram pos,BGC0000238,
lactomycin_z,yes,,,,pk,,gram pos,BGC0000237,
laidlomycin,yes,,antitumor,,pk,,gram pos,BGC0000084,
landepoxcin,,,unknown,proteasome,nrp pk,,,BGC0001202,
landomycin,yes,,cytotoxic,dna synthesis,pk saccharide,streptomyces,?,BGC0000239,
lankacidin,yes,,antitumor,,nrp pk,streptomyces,gram pos,BGC0001100,
lankamycin,yes,,antitumor,ribosome,pk,,gram pos,BGC0000085,
lariatin,yes,,,,ripp,rhodococcus,mycobacterium,BGC0000575,
lasalocid,yes,,antiparasite,,pk,,gram pos,BGC0000086,
laspartomycin,yes,,,,nrp,,gram pos,BGC0000379,
lazarimide,,,cytotoxic,,alkaloid,,,BGC0001337,
legioliulin,,some coumarins have antifungal activity,fluorophore; unknown,,pk,legionella,,BGC0000180,
legonaridin,,,unknown,,ripp,streptomyces,,BGC0001188,
leinamycin,yes,,cytotoxic,DNA,nrp pk,,gram pos; gram neg,BGC0001101,
leucanicidin,,,insecticide,,pk,kitasatospora,,BGC0001232,
leupyrrin,,yes,,,nrp pk,sorangium,,BGC0000380,
lichenicidin_vk21_a1,yes,,,,ripp,,gram pos,BGC0000525,
lichenysin,yes,,cytotoxic; surfactant,,nrp,,gram pos; gram neg,BGC0000381,
lidamycin,yes,,antitumor,,nrp pk,streptomyces,gram pos,BGC0001397,
lincomycin,yes,,,,other,streptomyces,gram pos,BGC0000907,
lipomycin,yes,,,,nrp pk,,gram pos,BGC0001003,
lipooligosaccharide,,,membrane,,saccharide,campylobacter,,BGC0000770,
lipooligosaccharide_2,,,membrane,,saccharide,campylobacter,,BGC0000771,
lipopeptide_8D11,,,,,nrp,streptomyces,,BGC0001370,
lipopolysaccharide,,,membrane,,saccharide,brucella,,BGC0000772,
lipopolysaccharide_2,,,membrane,,saccharide,brucella,,BGC0000773,
lipopolysaccharide_3,,,membrane,,saccharide,legionella,,BGC0000775,
lipopolysaccharide_4,,,membrane,,saccharide,escherichia,,BGC0000776,
lipopolysaccharide_5,,,membrane,,saccharide,escherichia,,BGC0000777,
lipopolysaccharide_6,,,membrane,,saccharide,aeromonas,,BGC0000778,
lipopolysaccharide_7,,,membrane,,saccharide,aeromonas,,BGC0000779,
lipopolysaccharide_oligosaccharide,,,capsule,,saccharide,salmonella,,BGC0000793,
liposidomycin,yes,,,translocase,nucleoside,,gram pos,BGC0001076,
lipstatin,,,,human pancreatic lipase,nrp,,,BGC0000382,
listeriolysin_s,,,cytotoxic,,ripp,,,BGC0001171,
lividomycinn,yes,,,ribosome,saccharide,streptomyces,gram neg; gram pos,BGC0000708,
livipeptin,,,protease inhibitor,trypsin,nrp,,,BGC0001168,
lobophorin,yes,,cytotoxic,,pk,,gram pos,BGC0001004,
lobophorin_2,yes,,cytotoxic,,pk,streptomyces,gram pos,BGC0001183,
lobosamide,,,anti-parasite,,pk,micromonaspora,,BGC0001303,
locillomycin,yes,yes,antiviral,,nrp pk,bacillus,?,BGC0001005,
lomaiviticin,yes,,cytotoxic,dna,pk saccharide,salinispora,gram pos,BGC0000240,
lomofungin,yes,yes,antitumor; anti-parasite,,other,streptomyces,gram pos; gram neg,BGC0001302,
lorenic_acid_a,,,unknown,,pk,streptomyces,,BGC0001200,
lugdunin,yes,,,,nrp,staphylococcus,gram pos,BGC0001393,
luminmide,,,unknown,,nrp,photorhabdus,,BGC0001128,
luminmycin,,,cytotoxic,proteasome,nrp pk,photorhabdus,,BGC0000383,
lymphostin,,,immunosuppresor,mTOR,nrp pk,,,BGC0001006,
lymphostin_2,,,immunosuppresor,mTOR,nrp pk,,,BGC0001007,
lyngbyatoxin,,,cytotoxic,protein kinas C,nrp,lyngbya,,BGC0000384,
lysobactin,yes,,,,nrp,,gram pos,BGC0000385,
lysolipin,yes,,,,pk,,gram pos; gram neg,BGC0000242,
macedocin,yes,,,,ripp,,gram pos,BGC0000526,
macrolactin,yes,yes,,,pk,bacillus,gram pos,BGC0000181,
macrolactin_2,yes,,,,pk,jeotgalibacillus,gram pos,BGC0001383,
macrotetrolide,yes,,,,pk,,gram pos,BGC0000243,
macrotetrolide_2,yes,,,,pk,,gram pos,BGC0000244,
maduropeptin,yes,,antitumor; antioxidant,,pk,,gram pos,BGC0001008,
maklamicin,yes,,,,pk,micromonaspora,gram pos,BGC0001288,
malleilactone,yes,,siderophore; virulence factor; cytotoxic,,nrp pk,,gram pos,BGC0001102,
malleobactin,,,siderophore,,nrp,bulkholdaria,,BGC0000386,
mangotoxin,,,phytotoxin,,nrp,,,BGC0000387,
mannopeptimycin,yes,,,,nrp,,gram pos,BGC0000388,
marformycins,yes,,anti-infective,,nrp,streptomyces,?,BGC0001214,
marinacarboline,,,antitumor; cytotoxic; antiplasmodium,,alkaloid,,,BGC0001137,
marineosin,,,cytotoxic; antitumor,,pk,,,BGC0000091,
marinophenazines,,,cytotoxic,,other,,,BGC0001221,
marinopyrrole,yes,,,,nrp,,gram pos,BGC0001159,
marinostatin,,,,protease inhibitor,ripp,alteromonas,,BGC0000591,
massetolide,,yes,surfactant,,nrp,pseudomonas,,BGC0000389,
matylstatins,,,virulence factor inhbitor,collogenase,nrp,,,BGC0001443,
medermycin,yes,,antitumor,,pk,,gram pos; gram neg,BGC0000245,
megacin,yes,,,,ripp,,gram pos,,
megacin_2,yes,,,,ripp,bacillus,gram pos,BGC0000622,
megalomicin,yes,,antiparasite; antiviral,,pk,,gram pos; gram neg,BGC0000092,
meilingmycin,,,antiparasite; unknown,,pk,,,BGC0000093,
melanin,,,unknown; virulence; interaction with host,,other,streptomyces,,BGC0000908,
melanin_2,,,unknown; virulence; interaction with host,,other,streptomyces,,BGC0000909,
melanin_3,,,unknown; virulence; interaction with host,,other,streptomyces,,BGC0000910,
melanin_4,,,unknown; virulence; interaction with host,,other,streptomyces,,BGC0000911,
melanin_5,,,unknown; virulence; interaction with host,,other,streptomyces,,BGC0000912,
melithiazol,,yes,cytotoxic,,nrp pk,,,BGC0001010,
melithiazol_2,,yes,cytotoxic,,nrp pk,melittangium,,BGC0001009,
menaquinone,,,electron transport,,other,enterobacter,,BGC0000913,
mensacaricin,,,cytotoxic,,pk,,,BGC0001177,
meridamycin,,,neuroprotectant; unknown,,nrp pk,streptomyces,,BGC0001011,
meridamycin_2,,,neuroprotectant; unknown,,nrp pk,streptomyces,,BGC0001012,
meridamycin_3,,,neuroprotectant; unknown,,nrp pk,streptomyces,,BGC0001013,
merochlorin,yes,,,,pk,,gram pos,BGC0001083,
mersacidin,yes,,,,ripp,,gram pos,BGC0000527,
metatricycloene,,,unknown,,pk,,,BGC0001369,
methylarcyriarubin,,,cytotoxic,,alkaloid,,,BGC0000817,
methylenomycin,yes,,,,other,streptomyces,gram pos; gram neg,BGC0000914,
methylpendolmycin,,,unknown,,nrp,marinactinospora,?,BGC0000391,
micacocidin,yes,,siderophore,,nrp pk,,mycoplasma,BGC0001014,
michiganin_a,yes,,,,ripp,,gram pos (very narrow),BGC0000528,
microbisporicin,yes,,,lipid II,ripp,,gram pos,BGC0000529,
microcin_b17,yes,,,dna gyrase,ripp,escherichia,gram neg,BGC0000568,
microcin_c7,yes,,,translation,ripp,escherichia,gram neg,BGC0000585,
microcin_e492,yes,,,pore forming,ripp,klebsiella,gram neg,BGC0000586,
microcin_h47,yes,,siderophore,,ripp,escherichia,gram neg,BGC0000587,
microcin_j25,yes,,,,ripp,escherichia,gram neg,BGC0000581,
microcin_l,,,unknown,,ripp,escherichia,,BGC0000588,
microcin_m,yes,,siderophore,,ripp,escherichia,gram neg,BGC0000589,
microcin_n,yes,,,,ripp,escherichia,gram neg,BGC0000590,
micrococcin_p1,yes,,,ribosome,ripp,macrococcus,gram pos,BGC0000607,
microcylamide,,,unknown,,ripp,microcystis,,BGC0000473,
microcylamide_2,,,unknown,,ripp,microcystis,,BGC0000474,
microcystin,,,cytotoxic,phosphatase,nrp pk,,,BGC0001016,
microcystin_2,,,cytotoxic,phosphatase,nrp pk,,,BGC0001017,
microcystin_3,,,cytotoxic,phosphatase,nrp pk,planktothrix,,BGC0001015,
micropeptin_k139,,,unknown,,nrp pk,mycrocystis,,BGC0001018,
microsclerodermins,,yes,,,nrp pk,,,BGC0001019,
microsclerodermins_2,,yes,,,nrp,,,BGC0001231,
microvidin_2,,,,protease inhibitor,ripp,,,BGC0000593,
microviridin,,,,elastase,ripp,,,BGC0000592,
microviridin_k,,,,peptidase inhibitor,ripp,planktothrix,,BGC0000594,
midecamycin,yes,,,ribosome,pk,,gram pos; gram neg,BGC0000096,
migrastatin,,yes,cytotoxic,,pk,streptomyces,,BGC0000177,
mildiomycin,,yes,,,other,streptomyces,,BGC0000882,
mirubactin,,,siderophore,,nrp,,,BGC0000392,
misakinolide,,,unknown,,pk,candidatus,,BGC0001186,
mithramycin,yes,,cytotoxic,dna,pk saccharide,streptomyces,gram pos,BGC0000247,
mithramycin_2,yes,,cytotoxic,dna,pk saccharide,,gram pos,BGC0000246,
mitomycin,,,cytotoxic,,other,,,BGC0000915,
moenomycin,yes,,,peptidoglycan glycoyltransferase,saccharide,,gram pos,BGC0000805,
molybdenum_cofactor,,,nitrate reduction,,other,staphylococcus,,BGC0000916,
molybdenum_cofactor_2,,,nitrate reduction,,other,rhodobacter,,BGC0000917,
monensin,yes,,ionophore; antiparasite,,pk,,gram pos,BGC0000100,
mupirocin,yes,,,Ile tRNA synthetase,pk,pseudomonas,gram pos; some gram neg,BGC0000182,
muraymycin,yes,,,translocase,nrp pk,streptomyces,gram pos,BGC0001020,
mutacin_b_ny266,yes,,,,ripp,,gram pos,BGC0000530,
mutacin_i,yes,,,,ripp,,?,BGC0000531,
mutacin_ii,yes,,,,ripp,,?,BGC0000532,
mutacin_iii,yes,,,,ripp,,?,BGC0000533,
mutacin_k8,yes,,,,ripp,,?,BGC0000534,
mycinamicin,yes,,,,pk,,gram pos,BGC0000102,
mycobactin,,,siderophore; virulence,,nrp pk,mycobacterium,,BGC0001021,
mycolactone,,,cytotoxic; toxin; immunosuppresive,,pk,,,BGC0000103,
mycolic_acid,,,cell wall,,other,mycobacterium,,BGC0000870,
mycosubtilin,,yes,,,nrp pk,bacillus,,BGC0001103,
myxalamid,yes,yes,,electron transport,nrp pk,stigmatella,gram pos,BGC0001022,
myxochelin,,,siderophore,,nrp,stigmatella,,BGC0001345,
myxochromide,,,no observed antibiotic activity,,nrp pk,,,BGC0001023,
myxochromide_a,,,unknown,,nrp pk,,,BGC0001422,
myxochromide_a_2,,,unknown,,nrp pk,,,BGC0001425,
myxochromide_a_3,,,unknown,,nrp pk,,,BGC0001426,
myxochromide_a_4,,,unknown,,nrp pk,,,BGC0001427,
myxochromide_b,,,unknown,,nrp pk,,,BGC0001421,
myxochromide_c,,,unknown,,nrp pk,,,BGC0001423,
myxochromide_c_2,,,unknown,,nrp pk,,,BGC0001424,
myxochromide_d,,,unknown,,nrp pk,,,BGC0001417,
myxochromide_d_2,,,unknown,,nrp pk,,,BGC0001418,
myxochromide_d_3,,,unknown,,nrp pk,,,BGC0001419,
myxochromide_d_4,,,unknown,,nrp pk,,,BGC0001420,
myxochromide_d_5,,,unknown,,nrp pk,,,BGC0001432,
myxochromide_s,,,unknown,,nrp pk,,,BGC0001429,
myxochromide_s_2,,,unknown,,nrp pk,,,BGC0001430,
myxochromide_s_3,,,unknown,,nrp pk,,,BGC0001431,
myxoprincomide,,,predation,,nrp pk,myxococcus,,BGC0000393,
myxothiazol,,yes,cytotoxic,,nrp pk,,,BGC0001024,
myxovirescin,yes,,,,nrp pk,,gram pos; gram neg,BGC0001025,
myxovirescin_2,yes,,,,nrp pk,myxococcus,gram pos (some); gram neg,BGC0001104,
nanchangmycin,yes,,ionophore; antiviral; insecticidal,,pk,,?,BGC0000105,
nannocystin,,yes,cytotoxic,elongation factor 1a,nrp pk,,,BGC0001212,
naphthyridinomycin,yes,,antitumor; cytotoxic,dna synthesis,nrp,,gram pos; gram neg,BGC0000394,
napsamycin,yes,,,,nrp,,gram pos; pseudomonas only,BGC0000950,
naptocyclinone,yes,,,,pk,,?,BGC0000248,
napyradiomycin,yes,,,,pk,,gram pos,BGC0001079,
napyradiomycin_2,yes,,,estrogen receptor (agonist),terpene,streptomyces,gram pos,BGC0000652,
naringenin,,,unknown,,terpene,streptomyces,,BGC0001310,
natamycin,,yes,,,pk,,,BGC0000108,
nataxazole,,,antitumor; cytotoxic,,pk,streptomyces,,BGC0001213,
nemadectin,,,antiparasite; nematocidal,,pk,,,BGC0000109,
neoaureothin,,yes,antitumor,reverse transcriptase,polyketide,streptomyces,,BGC0000110,
neocarzilin,,,antitumor,,pk,,,BGC0000111,
neocarzinostatin,yes,,cytotoxic,DNA,polyketide,streptomyces,gram pos,BGC0000112,
neomycin,yes,,,ribosome,saccharide,streptomyces,gram neg; gram pos (partial),BGC0000709,
neomycin_2,yes,,,ribosome,saccharide,streptomyces,gram neg; gram pos (partial),BGC0000710,
neomycin_3,yes,,,ribosome,saccharide,streptomyces,gram neg; gram pos (partial),BGC0000711,
niddamycin,yes,,,,pk,,gram pos,BGC0000113,
nikkomycin,,yes,,,other,streptomyces,,BGC0000876,
nisin,yes,,signaling,,ripp,,gram pos; mycobacterium,BGC0000535,
nisin_q,yes,,,,ripp,lactococcus,gram pos,BGC0000536,
nisin_u,yes,,,,ripp,streptococcus,gram pos,BGC0000537,
nisin_z,yes,,,,ripp,lactococcus,gram pos,BGC0000538,
nocardicin,yes,,,,nrp,,gram neg; mycobacterium,BGC0000395,
nocardiopsin,,,unknown,,nrp pk,nocardiopsis,,BGC0001195,
nocathiacin,yes,,,,ripp,actinokineospora,gram pos; mycobacterium,BGC0000608,
nocathiacin_2,yes,,,,ripp,nocardia,gram pos; mycobacterium,BGC0000609,
nocobactin_na,,,siderophore; free radical scavenger,,nrp pk,nocardia,,BGC0001027,
nodularin,,,phytotoxin,,nrp,,,BGC0000396,
nogalamycin,yes,,cytotoxic; antitumor,dna,pk saccharide,streptomyces,gram pos,BGC0000250,
nogalamycin_2,yes,,cytotoxic; antitumor,dna,pk saccharide,,gram pos,BGC0000249,
nogalamycin_3,yes,,cytotoxic; antitumor,dna,pk saccharide,,gram pos,BGC0000251,
nonactin,yes,yes,ionophore; antitumor,NH4; K,pk,,gram pos,BGC0000252,
nonadecene,,,other,,pk,,,BGC0001160,
nosiheptide,yes,,,,ripp,streptomyces,gram pos,BGC0000610,
nosperin,,,unknown,,pk,,,BGC0001071,
nostocyclopeptide,no,no,weak antitumor,hepatocyte drug transpoter,nrp,,,BGC0000397,
nostopeptolide,,,differentiation,,nrp,,,BGC0001028,
nostophycin,,,weakly cytotoxic,,nrp,,,BGC0001029,
novobiocin,yes,,,DNA gyrase,saccharide,,gram pos,BGC0000834,
nucleocidin,yes,,antiparasite,,other,streptomyces,gram pos; gram neg,BGC0001387,
nukacin_isk1,yes,,,,ripp,staphylococcus,gram pos,BGC0000539,
nunapeptin,,yes,,,nrp,pseudomonas,,BGC0001416,
nystain_like_polyene,,yes,,,pk,,,BGC0000116,
nystatin,,yes,,membrane,polyketide,streptomyces,,BGC0000115,
o_and_k_antigen,,,capsule,,saccharide,vibrio,,BGC0000780,
o_antigen,,,capsule,,saccharide,pseudomonas,,BGC0000781,
o_antigen_10,,,capsule,,saccharide,escherichia,,BGC0000790,
o_antigen_11,,,capsule,,saccharide,cronobacter,,BGC0000791,
o_antigen_2,,,capsule,,saccharide,burkholderia,,BGC0000782,
o_antigen_3,,,capsule,,saccharide,xanthomonas,,BGC0000783,
o_antigen_4,,,capsule,,saccharide,pseudomonas,,BGC0000784,
o_antigen_5,,,capsule,,saccharide,burkholderia,,BGC0000785,
o_antigen_6,,,capsule,,saccharide,edwardsiella,,BGC0000786,
o_antigen_7,,,capsule,,saccharide,escherichia,,BGC0000787,
o_antigen_8,,,capsule,,saccharide,salmonella,,BGC0000788,
o_antigen_9,,,capsule,,saccharide,escherichia,,BGC0000789,
o_methylkolavelool,,,unknown,,terpene,herpetosiphon,,BGC0001198,
obafluorin,yes,,,,nrp,,?,BGC0001437,
ochronotic_pigment,,,unknown,,other,streptomyces,,BGC0000918,
oligomycin,weak?,yes,cytotoxic; antitumor,atp synthase,pk,,,BGC0000117,
onnamide,,,cytotoxic,ribosome,nrp pk,,,BGC0001105,
oocydin_a,,yes,,,nrp pk,serratia,,BGC0001031,
oocydin_a_2,,yes,,,nrp pk,serratia,,BGC0001032,
orfamide,,yes,surfactant,,nrp,pseudomonas,,BGC0000398,
orfamide_a,,yes,surfactant,,nrp,pseudomonas,,BGC0000399,
oviedomycin,?,?,cytotoxic,,pk,streptomyces,,BGC0000253,
oxazolomycin,yes,yes,antitumor; antiviral,,nrp pk,streptomyces,gram pos; gram neg (weak),BGC0001106,
oxytetracycline,yes,,,,pk,,gram pos; gram neg,BGC0000254,
pacidamycin,yes,,,cell wall synthesis,nrp,streptomyces,pseudomonas; gram neg,BGC0000951,
pactamycin,yes,yes,cytotoxic,ribosome,polyketide,streptomyces,gram pos; gram neg,BGC0000119,
pactamycin_2,yes,yes,,ribosome,pk,,gram pos; gram neg,BGC0000118,
paenibacillin,yes,,,,ripp,paenibacillus,gram pos,BGC0000540,
paenibacterin,yes,,,,nrp,,gram pos; gram neg,BGC0000400,
paenibactin,,,siderophore,,nrp,,,BGC0000401,
paenicidin_a,yes,,,,ripp,paenibacillus,gram pos,BGC0000541,
paenicidin_b,yes,,,,ripp,paenibacillus,gram pos,BGC0000542,
paenilamicin,yes,yes,cytotoxic; antitumor,,nrp pk,paenibacillus,,BGC0001033,
paeninodin,no,,unknown,,ripp,paenibacillus,,BGC0001356,
paerucumarin,,,unknown,,other,pseudomonas,,BGC0000923,
pamamycin,yes,yes,antioxidant; cytotoxic; siderophore; signalling; surfactant,,pk,,gram pos; mycobacterium,BGC0001150,
pantoea_anantis_carotenoid,,,pigment,,terpene,,,,
paromomycin,yes,yes,antiparasite,ribosome,saccharide,streptomyces,gram neg; gram pos,BGC0000712,
patellamide_a,,,moderately cytotoxic,,ripp,,,BGC0000475,
patellin_2_3,,,unknown,,ripp,prochloron,,BGC0000477,
pederin,,,cytotoxic,ribosome,pk,,,BGC0001108,
pederin_2,,,cytotoxic,ribosome,pk,,,BGC0000255,
pelgipeptin,yes,yes,,,nrp,,gram pos; gram neg,BGC0000403,
pellasoren,,,cytotoxic,,nrp,,,BGC0001034,
penisin,yes,,,,ripp,paenibacillus,gram pos; gram neg,BGC0001289,
pentalenolactone,yes,yes,antiprotozoa,,terpene,streptomyces,gram pos; gram neg,BGC0000653,
pentalenolactone_2,yes,yes,antiprotozoa,,terpene,streptomyces,gram pos; gram neg,BGC0000678,
pep5,yes,,,,ripp,staphylococcus,gram pos,BGC0000543,
petrobactin,,,siderophore,,other,,,BGC0000942,
phaseolotoxin,,,phytotoxin,,other,pseudomonas,,BGC0000919,
pheganomycin,yes,,,,nrp,streptomyces,?,BGC0001148,
phenalamide,yes,yes,anti-HIV,,nrp pk,myxococcus,gram pos,BGC0001394,
phenalinolactone,yes,,phytotoxic,,terpene,streptomyces,gram pos,BGC0000654,
phenolic_lipids,,,cyst formation (protective coat),,pk,,,BGC0000284,
phormidolide,,,unknown,,pk,leptolyngbya,,BGC0001350,
phoslactomycin_b,,yes,antitumor,,pk,,,BGC0000123,
phosphonoglycans,,,biofilm,,saccharide,glycomyces,,BGC0000806,
phosphonoglycans_2,,,biofilm,,saccharide,stackebrandtia,,BGC0000807,
physostigmine,,,toxin,acetylcholinesterase ,alkaloid,,,BGC0000820,
piericidin_a1,,yes,antitumor,mitochondrial complex I,pk,,,BGC0001169,
piericidin_a1_2,,yes,antitumor,mitochondrial complex I,pk,,,BGC0000124,
pimaricin,,yes,,,pk,,,BGC0000125,
pinensins,yes,yes,,,ripp,chitinophaga,,BGC0001392,
piricyclamide,,,unknown,,ripp,,,BGC0001167,
pladienolide,,,antitumor; cytotoxic,,pk,,,BGC0000126,
planosporicin,yes,,,lipid II; cell wall synthesis,ripp,,gram pos,BGC0000544,
plantaricin_w,yes,,,,ripp,lactobacillus,gram pos,BGC0000623,
plantazolicin,yes,,,,ripp,,gram pos,BGC0000569,
plantazolicin_2,yes,,,,ripp,,gram pos,BGC0001173,
platencin,yes,,,FabF; FabH,terpene,,gram pos,BGC0001156,
platensimycin,yes,,,fatty acid synthase,terpene,,gram pos,BGC0001140,
plipastatin,,yes,,,nrp,,,BGC0000407,
PM100117,,,antitumor; cytotoxic,,pk,streptomyces,,BGC0001359,
poaeamide,,yes,,,nrp,,,BGC0001208,
poaeamide_b,,,unknown,,nrp,,,BGC0001347,
polyhydroxyalkanoate,,,carbon storage,,other,burkholderia,,BGC0000866,
polyhydroxyalkanoate_2,,,carbon storage,,other,bacillus,,BGC0000920,
polyhydroxyalkanoic_acids,,,carbon storage,,other,ectothiorhodospira,,BGC0000867,
polyketomycin,yes,,cytotoxic,,pk saccharide,,gram pos,BGC0001061,
polymyxin,yes,,no activity against E coli,,nrp,,gram neg,BGC0001153,
polymyxin_2,yes,,no activity against E coli,,nrp,,gram neg,BGC0000408,
polyoxin,,yes,,,other,streptomyces,,BGC0000877,
polyoxypeptin,,,apoptosis inducer; antitumor,,nrp pk,streptomyces,,BGC0001036,
polysaccharide,,,capsule,,saccharide,enterococcus,,BGC0000792,
polysaccharide_a,,,virulence; capsule,,saccharide,bacteroides,,BGC0001410,
polysaccharide_b,,,capsule,,saccharide,bacteroides,,BGC0001411,
polysaccharide_c,,,capsule,,saccharide,bacteroides,,BGC0001412,
polytheonamides,,,cytotoxic,membrane,ripp,,,BGC0000598,
porothramycin,yes,,antitumor; cytotoxic,DNA alkylation,nrp,,gram pos; anaerobe gram neg,BGC0000409,
PQS,,,secondary metabolite synthesis; signaling,,other,pseudomonas,,BGC0000922,
pradimicin,,yes,,,pk,,,BGC0000256,
prenylagaramide_B_C,,,no antimicrobial detected,,ripp,planktothrix,,BGC0000479,
PreQ0_base,,,antitumor; cytotoxic,,other,streptomyces,,BGC0001217,
pristinamycin,yes,,,ribosome,nrp pk,,gram pos,BGC0000952,
prodigiosin,yes,yes,cytotoxic; antimalaria; immunosuppresor,,pk,,gram pos,BGC0000257,
prodigiosin_2,yes,yes,cytotoxic; antimalaria; immunosuppresor,,pk,,gram pos,BGC0000258,
prodigiosin_3,yes,yes,cytotoxic; antimalaria; immunosuppresor,,pk,,gram pos,BGC0000259,
prodigiosin_4,yes,yes,cytotoxic; antimalaria; immunosuppresor,,pk,,gram pos,BGC0000260,
promysalin,yes,,,,other,,gram pos; gram neg,BGC0000921,
pseudomonine,,,siderophore,,nrp,,,BGC0000410,
pseudomycoicidin,yes,,,,ripp,bacillus,gram pos,BGC0001210,
pseudopyronine,yes,yes,cytotoxic,fatty acid synthase,other,,gram pos,BGC0001285,
psymberin,,,cytotoxic,,nrp pk,,,BGC0001110,
puromycin,yes,,,ribosome,other,streptomyces,gram pos; weak gram neg,BGC0000878,
putisolvin,yes,yes,surfactant,breaks down biofilms,nrp,,?,BGC0000411,
puwainaphycins,,,cytotoxic,,nrp pk,cylindrospermum,,BGC0001125,
pyochelin,yes,,siderophore,,nrp,,gram pos; weak gram neg,BGC0000412,
pyocyanine,yes,yes,,,other,pseudomonas,gram pos; gram neg,BGC0000936,
pyoluteorin,,yes,,,pk,,,BGC0000127,
pyoluteorin_2,,yes,,,pk,,,BGC0000128,
pyoverdine,,,siderophore,,nrp,,,BGC0000413,
pyralomicin,yes,,,,nrp pk,,gram pos,BGC0001038,
pyridomycin,yes,,,,nrp pk,streptomyces,mycobacterium,BGC0001039,
pyrrolnitrin,yes,yes,,,other,pseudomonas,gram pos,BGC0000924,
pyrrolomycin,yes,weak,,,pk,,gram pos,BGC0000130,
pyrrolomycin_2,yes,weak,,,pk,,gram pos,BGC0000131,
pyrrolomycin_3,yes,weak,,,pk,,gram pos,BGC0000132,
quartromicin,,,antiviral,,pk,,,BGC0000133,
quinocarcin,,,antitumor; cytotoxic,DNA alkylation,nrp,,,BGC0000414,
quinolobactin,,,siderophore,,other,pseudomonas,,BGC0000925,
quinomycin,yes,,antitumor; antiviral; cytotoxic,notch pathway; DNA,nrp,,gram pos,BGC0000415,
R1128,,,unknown,estrogen receptor,pk,,,BGC0000261,
rabelomycin,yes,,(might have antitumor),,pk saccharide,streptomyces,gram pos,BGC0000262,
rakicidin,,,cytotoxic,,nrp,,,BGC0001327,
rakicidin_2,,,cytotoxic,,nrp,,,BGC0001328,
rakicidin_d,,,cytotoxic,,nrp,,,BGC0001329,
ralsolamycin,,,fungal changes; infection of fungus,,nrp pk,ralstonia,,BGC0001363,
rapamycin,,yes,immunosuppresor,,nrp pk,streptomyces,,BGC0001040,
ravidomycin,,yes,cytotoxic; antitumor,,pk,,,BGC0000263,
rebeccamycin,yes,yes,cytotoxic,topoisomerase,alkaloid,,gram pos,BGC0000821,
rebeccamycin_2,yes,yes,cytotoxic,topoisomerase,alkaloid,,gram pos,BGC0000822,
rebeccamycin_3,yes,yes,antitumor; cytotoxic,topoisomerase,alkaloid,lechevalieria,,BGC0000823,
red_pigment,?,,resistance to UV; unknown,,pk saccharide,,,BGC0000285,
reductasporine,,yes,,,other,,,BGC0001224,
resistomcycin,yes,yes,,polymerase inhibitor,pk,streptomyces,gram pos; gram neg,BGC0000264,
retimycin,,,cytotoxic,,nrp,,,BGC0001228,
reveromycin,,yes,activity against eukaryotic cells; antitumor; cytotoxic,,pk,,,BGC0000135,
rhizocticin,,yes,,,other,bacillus,,BGC0000926,
rhizopodins,,,cytotoxic,,nrp pk,,,BGC0001111,
rhizoxin,,,cytotoxic,tubulin,nrp pk,,,BGC0001112,
rhobacter_capsulatus_cartenoid,,,pigment,,terpene,,,,
rhobacter_sphaeroides_241_carotenoid,,,pigment,,terpene,,,,
rhodochelin,,,siderophore,,nrp,,,BGC0000417,
rhodomycin,yes,,cytotoxic; antitumor,,pk,,gram pos,BGC0000265,
ribostamycin,yes,,,ribosome,saccharide,streptomyces,gram neg; gram pos,BGC0000713,
rifamycin,yes,,,,pk,,gram pos; gram neg,BGC0000136,
rifamycin_2,yes,,,,pk,,gram pos; gram neg,BGC0000137,
rimocidin,,yes,,,pk,,,BGC0000138,
rishirilide_b,,,,alpha2-macroglobulin inhibitor,pk,,,BGC0001179,
ristocetin,yes,,,,nrp,,gram pos; gram neg,BGC0000418,
ristomycin,yes,,,cell wall; peptidoglycan,nrp saccharide,amycolatopsis,gram pos,BGC0000419,
RK_682,yes,,antitumor,phosphatase,pk,,?,BGC0000140,
roseoflavin,yes,,,,other,streptomyces,gram pos,BGC0000927,
rubivivax_gelatnosus_carotenoid,,,pigment,,terpene,,,,
rubradirin,yes,,,ribosome,pk,,gram pos,BGC0000141,
rubrivinodin,,,unknown,,ripp,rubrivivax,,BGC0000576,
rubromycin,,,unknown (not sure which analogues are made by this cluster),,pk,,,BGC0000266,
ruminococcin_a,yes,,,,ripp,ruminococcus,gram pos,BGC0000545,
s_layer_glycan,,,cell wall,,saccharide,geobacillus,,BGC0000794,
s_layer_glycan_2,,,cell wall,,saccharide,aneurinibacillus,,BGC0000795,
s_layer_glycan_3,,,cell wall,,saccharide,paenibacillus,,BGC0000796,
safracin,,,antitumor; cytotoxic,,nrp,,,BGC0000421,
saframycin_a,,,antitumor; cytotoxic,,nrp,,,BGC0000422,
SAL_2242,,,unknown,,ripp,,,BGC0000546,
salinamide,yes,,,rna polymerase ,nrp,,gram pos; gram neg,BGC0001230,
salinilactam,,,unknown,,pk,,,BGC0000142,
salinomycin,yes,,protozoa; ionophore; antitumor; cytotoxic,Na K,polyketide,streptomyces,gram pos,BGC0000144,
salinomycin_2,yes,,,Na K,pk,,gram pos,BGC0000143,
salinosporamide,,,cytotoxic,,nrp pk,,,BGC0001041,
salinosporamide_a,,,antitumor; cytotoxic,proteasome,pk,,,BGC0000145,
salivaricin_9,yes,,,,ripp,streptococcus,gram pos,BGC0000547,
salivaricin_a,yes,,,,ripp,streptococcus,gram pos,BGC0000548,
salivaricin_crl1328,yes,,,,ripp,lactobacillus,gram pos,BGC0000624,
salivaricin_d,yes,,,,ripp,streptococcus,gram pos,BGC0000549,
salivaricin_g32,yes,,,,ripp,streptococcus,gram pos,BGC0000550,
sanglifehrin_a,,,immunosuppresor; unknown,cyclophilin,nrp pk,streptomyces,,BGC0001042,
SapB,,,surfactant,,ripp,,,BGC0000551,
saprolmycin_e,,,antiparasite,,pk,streptomyces,,BGC0001384,
saxitoxin,,,neurotoxin,Na channels nerve cells,alkaloid,cylindrospermopsis ,,BGC0000186,
SBI_06990,,,unknown,,nrp,,,BGC0001229,
scabichelin,,,siderophore,,nrp,,,BGC0000423,
Sch47554_47555,,,unknown,,pk,,,BGC0000268,
SCO_2138,,,unknown,,ripp,,,BGC0000595,
scytonemin,?,?,unknown,,alkaloid,,,BGC0000824,
serobactins,,,siderophore,,nrp,herbaspirillum,,BGC0000424,
sessilin,,yes,surfactant,,nrp,pseudomonas,,BGC0000425,
SF2575,yes,,cytotoxic; antitumor,,pk saccharide,streptomyces,gram pos,BGC0000269,
sgr_ptms,,,unknown,,nrp pk,streptomyces,,BGC0001043,
shinorine,,,resistance to UV,,nrp,anabaena,,BGC0000427,
sibiromycin,yes,,antitumor; cytotoxic,DNA alkylation,nrp,,?,BGC0000428,
simocyclinone,yes,,cytotoxic,DNA gyrase,pk saccharide,,gram pos,BGC0001072,
simocyclinone_2,yes,,cytotoxic,DNA gyrase,pk saccharide,,gram pos,BGC0000270,
simocyclinone_3,yes,,cytotoxic,DNA gyrase,pk,streptomyces,gram pos,BGC0000835,
simocyclinone_4,yes,,cytotoxic,,pk,streptomyces,gram pos,BGC0001308,
siomycin,yes,,antitumor,antitumor,ripp,streptomyces,gram pos; gram neg,BGC0000611,
siomycin_2,yes,,antitumor,,ripp,streptomyces,gram pos; gram neg,BGC0000655,
sisomicin,yes,,,,saccharide,micromonospora,gram neg; gram pos,BGC0000714,
skyllamycin,?,?,unknown,platlet derived gf,nrp,streptomyces,,BGC0000429,
SLI_2138,,,unknown,,ripp,,,BGC0000596,
Smb_A_Smb_B,yes,,,,ripp,streptococcus,?,BGC0000552,
sodorifen,,,odor; unknown,,terpene,serratia,,BGC0001361,
sorangicin,yes,,,,pk,sorangium,gram pos; gram neg,BGC0000184,
soraphen,,yes,,acylt-CoA carboxylase,polyketide,sorangium,,BGC0000147,
spectinomycin,yes,,,ribosome,saccharide,streptomyces,gram neg; gram pos,BGC0000715,
spectinomycin_2,yes,,,ribosome,saccharide,streptomyces,gram neg; gram pos,BGC0000716,
sphingan_polysaccharide,,,capsule,,saccharide,sphingomonas,,BGC0000797,
sphingonodin_ii,,,unknown,,ripp,sphingobium,,BGC0000577,
spinosad,,,antiparasite; insectiside,,pk,,,BGC0000148,
spirangien,,yes,cytotoxic,cytotoxic,polyketide,sorangium,,BGC0000149,
spiruchostatin,,yes,cytotoxic,histone deacetylase,nrp pk,,,BGC0001045,
splenocin,,,cytokine inhibitor; unknown,,nrp pk,streptomyces,,BGC0001216,
spliceostatin,,,antitumor; cytotoxic,spliceosome,nrp pk,burkholderia,,BGC0001113,
spore_pigment,,,pigment,,pk,,,BGC0000271,
spore_pigment_2,,,pigment,,pk,,,BGC0000272,
sporolation_killing_factor,yes,,,,ripp,,gram pos,BGC0000601,
sporolide,,,unknown,proteasome inhibitor,polyketide,salinispora,,BGC0000150,
spumigin,?,,protease inhibitor; unknown,trypsin,nrp pk,nodularia,,BGC0000430,
SRO14_3108,,,unknown,,ripp,,,BGC0000554,
SRO15_2005,,,unknown,,ripp,,,BGC0000578,
SRO15_2212,,,unknown,,ripp,,,BGC0000553,
SSV_2083,,,unknown,,ripp,,,BGC0000579,
stambomycin,yes,,antitumor,,pk saccharide,streptomyces,gram pos,BGC0000151,
staphylobactin,,,siderophore,,other,staphylococcus,,BGC0000943,
staphylococcin_c55_alpha,,,unknown,,ripp,streptococcus,gram pos,BGC0000555,
staphyloferrin,,,siderophore,,other,,,BGC0000944,
staurosporine,,yes,,kinase,alkaloid,streptomyces,,BGC0000825,
staurosporine_2,,yes,,kinase,alkaloid,streptomyces,,BGC0000826,
staurosporine_3,,yes,,kinase,alkaloid,salinospora,,BGC0000827,
steffimycin,yes,,cytotoxic; antitumor,dna,pk saccharide,streptomyces,gram pos,BGC0000273,
stenothricin,yes,,,,nrp,streptomyces,gram pos; gram neg,BGC0000431,
stewartan,,,biofilm,,saccharide,pantoea,,BGC0000763,
stigmatellin,,yes,,,polyketide,stigmatella,,BGC0000153,
streptazone_e,,,unknown,,pk,streptomyces,,BGC0001296,
streptide,,,unknown,,ripp,streptococcus,,BGC0001209,
streptin,yes,,,,ripp,streptococcus,gram pos,BGC0000556,
streptococcin_a_ff22,yes,,,,ripp,streptococcus,gram pos,,
streptocollin,,,,phosphatase inhibitor,ripp,,,BGC0001226,
streptolydigin,yes,,,rna polymerase ,nrp pk,,gram pos,BGC0001046,
streptolysin,,,cytotoxic,,ripp,,,BGC0000566,
streptomonomicin,yes,,,,ripp,,gram pos,BGC0001176,
streptomycin,yes,,,ribosome,saccharide,streptomyces,gram neg; gram pos,BGC0000717,
streptomycin_2,yes,,,ribosome,saccharide,streptomyces,gram neg; gram pos,BGC0000718,
streptomycin_3,yes,,,ribosome,saccharide,streptomyces,gram neg; gram pos,BGC0000724,
streptothricin,yes,,antiviral,,nrp,,some gram pos; gram neg,BGC0000432,
sublancin_168,yes,,,,ripp,bacillus,gram pos,BGC0000558,
subtilin,yes,?,signaling,,ripp,,gram pos,BGC0000559,
subtilomycin,yes,yes,,,ripp,,gram pos; gram neg,BGC0000560,
subtilosin_a,yes,,,,ripp,bacillus,gram pos; gram neg,,
subtilosin_a_2,yes,,,,ripp,bacillus,gram pos; gram neg,BGC0000602,
succinoglycan,,,emulsifier,,saccharide,sinorhizobium,,BGC0000802,
surfactin,yes,yes,surfactant,,nrp,bacillus,gram pos; gram neg,BGC0000433,
svaricin,,,unknown,,nrp pk,streptomyces,,BGC0001382,
SW_163,yes,,antitumor; cytotoxic,DNA,nrp,,gram pos,BGC0000434,
SWA_2138,,,unknown,,ripp,,,BGC0000597,
syringafactin,,,surfactant; swarming,,nrp,,,BGC0000435,
syringolin_a,,,virulence; antitumor,proteasome,nrp,,,BGC0000436,
syringolin_a_2,,,virulence,proteasome,nrp pk,pseudomonas,,BGC0001047,
syringomycin,,,phytotoxin,,nrp,,,BGC0000437,
syringopeptin,,,virulence,,nrp,,,BGC0000438,
t3_toxin,,,neurotoxin,Na channels nerve cells,alkaloid,cylindrospermopsis,,BGC0000928,
tabtoxin,,,plant toxin; antibiotic precursor,,other,pseudomonas,,BGC0000846,
taiwanchelin,,,siderophore,,nrp,cupriavidus,,BGC0001189,
tallysomycin,,,cytotoxic,dna,nrp pk,,,BGC0001048,
tambromycin,,,antiproliferative; unknown,,nrp,streptomyces,,BGC0001368,
taromycin,yes,,,,nrp,saccharomonospora,gram pos,BGC0000439,
tartrolon,yes,,antitumor,,pk,,gram pos,BGC0000185,
tautomycetin,,yes,immunosuppresor; antitumor,SHP2 phosphatase,polyketide,streptomyces,,BGC0000157,
tautomycetin,,yes,immunosuppresor; antitumor,phosphatase,pk,,,BGC0000157,
tautomycin,,yes,antitumor,phosphatase,polyketide,streptomyces,,BGC0000159,
taxlllaid,,,anti-eukaryotic,,nrp,,,BGC0001133,
teichomycin,yes,,,,other,actinoplanes,gram pos; gram neg,BGC0001395,
teichuronic_acid,,,cell wall,,other,bacillus,,BGC0000868,
teicoplanin,yes,,,lipid II,nrp saccharide,actinoplanes,gram pos,BGC0000440,
teicoplanin_2,yes,,,lipid II,nrp saccharide,actinoplanes,gram pos,BGC0000441,
teixobactin,yes,,,cell wall synthesis,nrp,eleftheria,gram pos,BGC0001207,
teleocidin_b,,,unknown,,nrp,streptomyces,,BGC0001085,
telomycin,yes,,,,nrp,streptomyces,gram pos,BGC0001406,
tenuecyclamide_A_C,yes,,,,ripp,nostoc,?,BGC0000480,
tetarimycin,yes,,,,pk,uncultured,gram pos,BGC0000274,
tetracenomycin,yes,,cytotoxic; antitumor,,pk,streptomyces,gram pos,BGC0000275,
tetrocarcin_a,yes,,mitochondria; antitumor,,pk,,gram pos,BGC0000162,
tetronasin,yes,yes,ionophore,,pk,,gram pos,BGC0000163,
tetronomycin,yes,yes,ionophore,,pk,,gram pos,BGC0000164,
thailandamide,,,unknown,,nrp pk,burkholderia,,BGC0000186,
thailanstatin,,,cytotoxic,spliceosome,nrp pk,,,BGC0001114,
thanamycin,,yes,,,nrp,pseudomonas,,BGC0000443,
thaxtomin,,,phytotoxin,,nrp,,,BGC0000444,
thermophilin_1277,yes,,,,ripp,streptococcus,gram pos,BGC0000561,
thienamycin,yes,,,cell wall synthesis,beta-lactam,,gram pos; gram neg,BGC0000847,
thienodolin,,,regulates plant growth,,other,streptomyces,,BGC0001374,
thiocillin,yes,,,,ripp,,gram pos,BGC0000612,
thiocoraline,yes,,cytotoxic; antitumor,dna polmerase,nrp,micromonospora,gram pos,BGC0000445,
thiolactomycin,yes,,,,pk,streptomyces,gram pos; gram neg,BGC0001237,
thiolactomycin_2,yes,,,,nrp pk,lentzea,gram pos; gram neg,BGC0001353,
thiolutin,yes,yes,,,nrp,saccharothrix,gram neg; gram pos,BGC0001193,
thiomarinol,yes,,,,nrp pk,pseudoalteromonas,gram pos; gram neg,BGC0001115,
thiomuracins,yes,,,EF-Tu,ripp,,gram pos,BGC0000613,
thiostrepton,yes,,antitumor,antitumor,ripp,streptomyces,gram pos; gram neg,BGC0000614,
thiotetroamide,probably,,unknown,,pk,streptomyces,,BGC0001236,
thioviridamide,,,unknown; antitumor,,ripp,streptomyces,,BGC0000625,
thuggacin,yes,,,,nrp pk,,gram pos,BGC0001051,
thuggacin_2,yes,,,,nrp pk,chondromyces,gram pos,BGC0001342,
thuricin,yes,,,,ripp,bacillus,gram pos,BGC0000626,
thuricin_cd,yes,,,,ripp,bacillus,gram pos; clostridium difficile,BGC0000599,
thuricin_h,yes,,,,ripp,bacillus,gram pos; bacillus,BGC0000600,
thusin,yes,,,,ripp,bacillus,gram pos,BGC0001391,
tiacumicin,yes,,,,polyketide,dactylosporangium ,gram pos,BGC0000165,
tiancimycin,?,,antitumor,,pk,streptomyces,,BGC0000165,
tilivaline,,,toxin,,nrp,,,BGC0000446,
tirandamycinn,yes,,,,nrp pk,,gram pos,BGC0001052,
tln-05220,yes,,cytotoxic,,nrp pk,micromonospora,gram pos,BGC0001062,
t-muurolol,,,unknown,,terpene,streptomyces,,BGC0000675,
tobramycin,yes,,,ribosome,saccharide,streptomyces,gram neg; gram pos,BGC0000719,
tobramycin_2,yes,,,ribosome,saccharide,streptomyces,gram neg; gram pos,BGC0000720,
tobramycin_3,yes,,,ribosome,saccharide,streptomyces,gram neg; gram pos,BGC0000721,
tolaasin,,yes,,cell membrane,nrp,pseudomonas,,BGC0000447,
tomaymycin,,,antitumor; cytotoxic,,nrp,,,BGC0000448,
toxoflavin,yes,,toxin,,other,burkholderia,gram pos; gram neg,BGC0000929,
toyocamycin,,yes,antitumor,,other,streptomyces,,BGC0000879,
toyocamycin_2,,yes,antitumor,,other,streptomyces,,BGC0000881,
TP_1161,yes,,,ribosome,ripp,,gram pos,BGC0000615,
trichamide,,,no oberserved microbial activity,,ripp,,,BGC0000481,
tridecaptin,yes,,,,nrp,,gram neg,BGC0000449,
trifolitoxin,,,unknown,,ripp,rhizobium,,BGC0000567,
triostin_a,,,antitumor; cytotoxic,dna,nrp,,,BGC0000450,
tropoditheitic_acid,yes,,signaling; quorum sensing; antitumor,,other,phaeobacter,gram pos; gram neg,BGC0000932,
tropoditheitic_acid_2,yes,,signaling; quorum sensing,,other,phaeobacter,gram pos; gram neg,BGC0001362,
tu_3010,yes,,,,nrp pk,streptomyces,?,BGC0001352,
tubulysin,,,cytotoxic,,nrp pk,angiococcus,,BGC0001053,
tubulysin_2,,,cytotoxic,,nrp pk,cystobacter ,,BGC0001344,
tunicamycin,yes,yes,cytotoxic,MraY,nucleoside,,gram pos,BGC0000880,
turnerbactin,,,siderophore,,nrp,,,BGC0000451,
tylactone,,,unknown,,pk,,,BGC0000166,
tyrocidine,yes,,control sporolation,,nrp,,gram pos,BGC0000452,
U_68204,yes,,,,nrp pk,streptomyces,gram pos; gram neg,BGC0001354,
U_68204_2,yes,,,,nrp pk,streptomyces,,BGC0001355,
uberolysin,yes,,,,ripp,,?,BGC0000494,
UK_68_597,yes,,,peptidoglycan precursors,nrp,,gram pos,BGC0001178,
uncialamycin,yes,,,,pk,streptomyces,gram pos; gram neg,BGC0001377,
undecylprodigiosin,yes,yes,,,nrp pk,streptomyces,gram pos,BGC0001063,
urdamycin,yes,,antitumor,,pk,,gram pos,BGC0000277,
urdamycin_2,yes,,antitumor,,pk,,gram pos,BGC0000278,
validamycin,yes,yes,,,saccharide,,?,BGC0000722,
validamycin_2,yes,yes,,trehalase,saccharide,streptomyces,?,BGC0000723,
valinomycin,yes,yes,cytotoxic,,nrp,streptomyces,gram pos,BGC0000453,
vanchrobactin,,,siderophore,,nrp,,,BGC0000454,
vancomycin,yes,,,,nrp,,gram pos,BGC0000455,
venezuelin,,,unknown; probably not antibiotic,,ripp,,,BGC0000563,
versipelostatin,,,unknown,chaperone downregulator,pk,streptomyces,,BGC0001204,
vibriobactin,,,siderophore,,other,vibrio,,BGC0000945,
vibrioferrin,,,siderophore,,other,vibrio,,BGC0000946,
vibrioferrin_2,,,siderophore,,other,vibrio,,BGC0000947,
vicenistatin,,,antitumor; cytotoxic,,pk,,,BGC0000167,
vicibactin,,,siderophore,,nrp,,,BGC0000457,
viguiepinol,,,unknown,,pk,,,BGC0000286,
violacein,yes,,cytotoxic; signaling,activates TNFr1,alkaloid,,gram pos,BGC0000829,
violacein_2,yes,,cytotoxic; signaling,activates TNFr1,alkaloid,,gram pos,BGC0000830,
violacein_3,yes,yes,antitumor; cytotoxic,,alkaloid,chromobacterium,gram pos,BGC0000828,
violacein_4,yes,yes,antitumor; cytotoxic,,alkaloid,duganella,gram pos,BGC0000831,
viomycin,yes,,,,nrp,,mycobacterium; weak to other,BGC0000458,
virginiamycin,yes,,,ribosome,nrp pk,streptomyces,gram pos,BGC0001116,
viridisamide,,,unknown,,ripp,oscillatoria,,BGC0000471,
viscosin,,,surfactant; virulence,,nrp,pseudomonas,,BGC0001312,
vpe,,,unknown,,other,,,BGC0000871,
vulnibactin,,,siderophore,,nrp,,,BGC0000460,
WAP_8294A2,yes,,,,nrp,,gram pos,BGC0000461,
warkmycin,yes,,antitumor,,pk saccharide,,gram pos,BGC0001438,
welwitindolinone,yes,yes,cytotoxic,,terpene,,?,BGC0000668,
WLIP,yes,yes,,,nrp,pseudomonas,gram pos,BGC0000462,
WS9326,,,unknown,,nrp,streptomyces,,BGC0001297,
xanthan,,,emulsifier,,saccharide,xanthomonas,,BGC0000800,
xanthoferrin,,,siderophore; virulence,,other,xanthomonas,,BGC0001408,
xantholipin,yes,yes,antitumor,,pk,,gram pos,BGC0000279,
xantholysin,yes,yes,,,nrp,pseudomonas,gram pos; gram neg,BGC0000463,
xanthomonadin,,,pigment,,other,xanthomonas,,BGC0000840,
xanthomonin,,,unknown,,ripp,xanthomonas,,BGC0000580,
xenoamicins,no,no,plasmodium; trypanosoma,,nrp,xenorhabdus,,BGC0000464,
xenocoumacin,yes,,,,nrp pk,,gram pos; gram neg,BGC0001054,
xenocyloins,,,insecticide,,pk,xenorhabdus,,BGC0000189,
xenotetrapeptide,,,unknown,,nrp,,,BGC0001132,
xiamenmycin,,,antifibrotic; unknown,,other,streptomyces,,BGC0000933,
xiamyicin,,,anti-HIV; unknown,,terpene,streptomyces,?,BGC0000665,
yatakemycin,,yes,antitumor; cytotoxic,DNA alkylation,nrp,,,BGC0000466,
yersiniabactin,,,siderophore,,nrp,,,BGC0000467,
yersiniabactin_2,,,siderophore,,nrp pk,escherichia,,BGC0001055,
zeamine,yes,,,,nrp pk,,gram pos; gram neg,BGC0001056,
zeaxanthin,,,antioxidant,,terpene,xanthobacter,,BGC0000656,
zorbamycin,,,cytotoxic,,nrp pk,,,BGC0001058,
zunyimycin_a,yes,,,,pk,streptomyces,gram pos,BGC0001366,
zwittermycin_a,yes,yes,,,nrp pk,bacillus,gram pos; gram neg,BGC0001059,
